rank,ticker,name,sector,segment,market,price,price_date,mom_12_1,mom_rank,momvol_rank,vol_ann,dd_from_52w_high,ext_above_200dma,adv,adv_floor,market_cap,market_confirmation_score,market_confirmation_quality,market_confirmation_basis,growth_acceleration_score,growth_acceleration_quality,growth_acceleration_basis,earnings_inflection_score,earnings_inflection_quality,earnings_inflection_basis,valuation_asymmetry_score,valuation_asymmetry_quality,valuation_asymmetry_basis,fund_latest_period,fund_source,fund_latest_only,risk_flags
1,VICR,Vicor Corporation,Industrials,mid,US,308.8999938964844,2026-10-02,2.6826199813543234,1.0,0.9888663967611336,0.9705580748236761,-0.18663438072209615,0.42722588849200593,194782091.93115234,5000000.0,14242369233.38684,0.9983,ok,"weighted 0.40 mom12-1 rank + 0.15 mom/vol rank + 0.30 trend filters + 0.15 index regime (declared weights, unvalidated)",0.6355,ok,latest fiscal year revenue YoY +13.5% vs previous fiscal year YoY -11.4% (change +24.9pp); 0.5*level(50%=1) + 0.5*accel(+20pp=1),1.0,ok,ebitda margin 25.2% (+20.3pp YoY); EBITDA growth minus revenue growth +479.0pp; 0.6*margin(+5pp=1) + 0.4*leverage,0.0,partial,P/S 34.9x / growth 14% = 2.58 (market cap not EV; single-period growth; lower is better),2025-12-31,sec_xbrl_10K,False,high_volatility_gt_60pct
2,MXL,"MaxLinear, Inc.",Information Technology,small,US,105.93000030517578,2026-10-02,2.67359390170766,0.9989878542510121,0.9463562753036437,1.2523249383380415,-0.172615782901146,0.9757549031589396,205421730.5656433,5000000.0,9607129750.307365,0.9915,ok,"weighted 0.40 mom12-1 rank + 0.15 mom/vol rank + 0.30 trend filters + 0.15 index regime (declared weights, unvalidated)",0.7971,ok,latest fiscal year revenue YoY +29.7% vs previous fiscal year YoY -48.0% (change +77.7pp); 0.5*level(50%=1) + 0.5*accel(+20pp=1),0.6,ok,ebitda margin -17.7% (+29.2pp YoY); EBITDA not positive; 0.6*margin(+5pp=1) + 0.4*leverage,0.0142,partial,P/S 20.5x / growth 30% = 0.69 (market cap not EV; single-period growth; lower is better),2025-12-31,sec_xbrl_10K,False,high_volatility_gt_60pct; extended_gt_60pct_above_200dma; data:price_jump
3,DOCN,DigitalOcean,Information Technology,mid,US,140.07000732421875,2026-10-02,1.9236132107426216,0.9969635627530364,0.9564777327935222,0.8587501078266722,-0.22737044232141324,0.3288050776582605,283611048.43063354,5000000.0,16469368429.678345,0.9923,ok,"weighted 0.40 mom12-1 rank + 0.15 mom/vol rank + 0.30 trend filters + 0.15 index regime (declared weights, unvalidated)",0.44,ok,latest fiscal year revenue YoY +15.5% vs previous fiscal year YoY +12.7% (change +2.8pp); 0.5*level(50%=1) + 0.5*accel(+20pp=1),0.8788,ok,ebitda margin 32.7% (+4.3pp YoY); EBITDA growth minus revenue growth +17.7pp; 0.6*margin(+5pp=1) + 0.4*leverage,0.0,partial,P/S 18.3x / growth 15% = 1.18 (market cap not EV; single-period growth; lower is better),2025-12-31,sec_xbrl_10K,False,high_volatility_gt_60pct; drawdown_from_52w_high_gt_20pct
4,VSXY,Victoria's Secret,Consumer Discretionary,small,US,91.7300033569336,2026-10-02,1.889608056432564,0.9959514170040485,0.9757085020242915,0.7513556819758992,-0.08242470504304733,0.3808011510091156,134951743.04962158,5000000.0,7316755565.232582,0.9947,ok,"weighted 0.40 mom12-1 rank + 0.15 mom/vol rank + 0.30 trend filters + 0.15 index regime (declared weights, unvalidated)",0.3569,ok,latest fiscal year revenue YoY +5.2% vs previous fiscal year YoY +0.8% (change +4.4pp); 0.5*level(50%=1) + 0.5*accel(+20pp=1),0.3152,ok,ebitda margin 7.8% (-1.3pp YoY); EBITDA growth minus revenue growth -15.6pp; 0.6*margin(+5pp=1) + 0.4*leverage,0.8077,partial,P/S 1.1x / growth 5% = 0.22 (market cap not EV; single-period growth; lower is better),2026-01-31,sec_xbrl_10K,False,high_volatility_gt_60pct; data:price_jump
5,IRDM,Iridium Communications,Communication Services,small,US,48.959999084472656,2026-10-02,1.7090764328046775,0.9949392712550608,0.9878542510121457,0.6229097716423694,-0.1184575216568966,0.33101776119101345,41758603.864860535,5000000.0,5188856688.890991,0.9962,ok,"weighted 0.40 mom12-1 rank + 0.15 mom/vol rank + 0.30 trend filters + 0.15 index regime (declared weights, unvalidated)",0.2978,ok,latest fiscal year revenue YoY +4.9% vs previous fiscal year YoY +5.1% (change -0.1pp); 0.5*level(50%=1) + 0.5*accel(+20pp=1),0.6944,ok,ebitda margin 51.2% (+2.6pp YoY); EBITDA growth minus revenue growth +5.6pp; 0.6*margin(+5pp=1) + 0.4*leverage,0.0,partial,P/S 6.0x / growth 5% = 1.21 (market cap not EV; single-period growth; lower is better),2025-12-31,sec_xbrl_10K,False,high_volatility_gt_60pct
6,VIAV,Viavi Solutions,Information Technology,mid,US,47.099998474121094,2026-10-02,1.6974198673102738,0.9939271255060729,0.9544534412955465,0.7638859427134598,-0.14874395598364853,0.2803905450922388,207473118.81523132,5000000.0,11621916522.289642,0.9907,ok,"weighted 0.40 mom12-1 rank + 0.15 mom/vol rank + 0.30 trend filters + 0.15 index regime (declared weights, unvalidated)",0.9003,ok,latest fiscal year revenue YoY +40.0% vs previous fiscal year YoY +8.4% (change +31.6pp); 0.5*level(50%=1) + 0.5*accel(+20pp=1),0.7854,ok,ebitda margin 11.1% (+1.8pp YoY); EBITDA growth minus revenue growth +26.8pp; 0.6*margin(+5pp=1) + 0.4*leverage,0.8479,partial,P/S 7.7x / growth 40% = 0.19 (market cap not EV; single-period growth; lower is better),2026-06-27,sec_xbrl_10K,False,high_volatility_gt_60pct
7,RNG,"RingCentral, Inc.",Information Technology,small,US,78.27999877929688,2026-10-02,1.5958510123476937,0.9919028340080972,0.9605263157894737,0.6993368486045358,-0.019293421716552572,0.7759111038337154,108724010.31608582,5000000.0,6536862259.423767,0.9908,ok,"weighted 0.40 mom12-1 rank + 0.15 mom/vol rank + 0.30 trend filters + 0.15 index regime (declared weights, unvalidated)",0.2452,ok,latest fiscal year revenue YoY +4.8% vs previous fiscal year YoY +9.0% (change -4.2pp); 0.5*level(50%=1) + 0.5*accel(+20pp=1),0.9555,ok,ebitda margin 13.6% (+4.3pp YoY); EBITDA growth minus revenue growth +47.5pp; 0.6*margin(+5pp=1) + 0.4*leverage,0.2605,partial,P/S 2.6x / growth 5% = 0.54 (market cap not EV; single-period growth; lower is better),2025-12-31,sec_xbrl_10K,False,high_volatility_gt_60pct; extended_gt_60pct_above_200dma
8,PBF,PBF Energy,Energy,mid,US,80.77999877929688,2026-10-02,1.585784687678689,0.9908906882591093,0.9726720647773279,0.6571523321267909,-0.018945805537713856,0.6852037615217701,267856384.51652527,5000000.0,9575406517.521698,0.9923,ok,"weighted 0.40 mom12-1 rank + 0.15 mom/vol rank + 0.30 trend filters + 0.15 index regime (declared weights, unvalidated)",0.2771,ok,latest fiscal year revenue YoY -11.4% vs previous fiscal year YoY -13.6% (change +2.2pp); 0.5*level(50%=1) + 0.5*accel(+20pp=1),0.8266,ok,ebitda margin 1.1% (+2.1pp YoY); EBITDA turned positive vs year-ago; 0.6*margin(+5pp=1) + 0.4*leverage,0.1,partial,P/S 0.3x with non-positive growth (-11.4%): nothing growing to pay for,2025-12-31,sec_xbrl_10K,False,high_volatility_gt_60pct; extended_gt_60pct_above_200dma
9,PTEN,"Patterson-UTI Energy, Inc.",Energy,small,US,11.210000038146973,2026-10-02,1.5553337791511628,0.9898785425101214,0.9939271255060729,0.5224671972900644,-0.14752848947992037,0.13416016053634605,95018170.44115067,5000000.0,4275324452.0886784,0.995,ok,"weighted 0.40 mom12-1 rank + 0.15 mom/vol rank + 0.30 trend filters + 0.15 index regime (declared weights, unvalidated)",,missing,no YoY revenue growth computable (history too short or non-positive base),,missing,no year-ago margin comparison available,,missing,"needs market cap, TTM/latest revenue and a revenue growth rate",,,,fundamentals_missing
10,FORM,"FormFactor, Inc.",Information Technology,small,US,149.14999389648438,2026-10-02,1.4949626482888454,0.9888663967611336,0.9119433198380567,0.8582779001760324,-0.06740448491828965,0.37414899355164644,140312583.57658386,5000000.0,11651705656.938934,0.9823,ok,"weighted 0.40 mom12-1 rank + 0.15 mom/vol rank + 0.30 trend filters + 0.15 index regime (declared weights, unvalidated)",0.1236,ok,latest fiscal year revenue YoY +2.8% vs previous fiscal year YoY +15.2% (change -12.4pp); 0.5*level(50%=1) + 0.5*accel(+20pp=1),0.4523,ok,ebitda margin 12.4% (-0.4pp YoY); EBITDA growth minus revenue growth -3.4pp; 0.6*margin(+5pp=1) + 0.4*leverage,0.0,partial,P/S 14.8x / growth 3% = 5.30 (market cap not EV; single-period growth; lower is better),2025-12-27,sec_xbrl_10K,False,high_volatility_gt_60pct
11,VSTS,Vestis,Industrials,small,US,14.029999732971191,2026-10-02,1.4685599391582849,0.9878542510121457,0.9807692307692307,0.5703182685657823,-0.14969698588053382,0.3154748529052587,20683792.358398438,5000000.0,1854206237.8594446,0.9923,ok,"weighted 0.40 mom12-1 rank + 0.15 mom/vol rank + 0.30 trend filters + 0.15 index regime (declared weights, unvalidated)",0.227,ok,latest fiscal year revenue YoY -2.5% vs previous fiscal year YoY -0.7% (change -1.8pp); 0.5*level(50%=1) + 0.5*accel(+20pp=1),0.1295,ok,ebitda margin 7.6% (-3.1pp YoY); EBITDA growth minus revenue growth -28.0pp; 0.6*margin(+5pp=1) + 0.4*leverage,0.1,partial,P/S 0.7x with non-positive growth (-2.5%): nothing growing to pay for,2025-10-03,sec_xbrl_10K,False,
12,INSW,"International Seaways, Inc.",Energy,small,US,115.80999755859375,2026-10-02,1.4340160476230142,0.9858299595141701,0.9989878542510121,0.3879115935787139,0.0,0.5811743692005664,82170574.61242676,5000000.0,5736221005.983948,0.9942,ok,"weighted 0.40 mom12-1 rank + 0.15 mom/vol rank + 0.30 trend filters + 0.15 index regime (declared weights, unvalidated)",0.2479,ok,latest fiscal year revenue YoY -11.4% vs previous fiscal year YoY -11.2% (change -0.2pp); 0.5*level(50%=1) + 0.5*accel(+20pp=1),0.2792,ok,ebitda margin 60.4% (-3.2pp YoY); EBITDA growth minus revenue growth -4.4pp; 0.6*margin(+5pp=1) + 0.4*leverage,0.1,partial,P/S 6.8x with non-positive growth (-11.4%): nothing growing to pay for,2025-12-31,sec_xbrl_10K,False,
13,ATI,ATI Inc.,Industrials,mid,US,192.4199981689453,2026-10-02,1.4297072310684453,0.9848178137651822,0.9979757085020243,0.41400590039575563,-0.16981620854968826,0.15184172912437788,279264756.6246033,5000000.0,26201904847.524582,0.9936,ok,"weighted 0.40 mom12-1 rank + 0.15 mom/vol rank + 0.30 trend filters + 0.15 index regime (declared weights, unvalidated)",0.3098,ok,latest fiscal year revenue YoY +5.2% vs previous fiscal year YoY +4.5% (change +0.7pp); 0.5*level(50%=1) + 0.5*accel(+20pp=1),0.5204,ok,ebitda margin 17.6% (+0.2pp YoY); EBITDA growth minus revenue growth +1.2pp; 0.6*margin(+5pp=1) + 0.4*leverage,0.0,partial,P/S 5.7x / growth 5% = 1.11 (market cap not EV; single-period growth; lower is better),2025-12-28,sec_xbrl_10K,False,
14,VSAT,"Viasat, Inc.",Information Technology,small,US,72.0,2026-10-02,1.3847202897920936,0.9838056680161943,0.9078947368421053,0.8055339762389175,-0.19830751634275645,0.18318010875557067,109684730.45043945,5000000.0,9918418320.0,0.9797,ok,"weighted 0.40 mom12-1 rank + 0.15 mom/vol rank + 0.30 trend filters + 0.15 index regime (declared weights, unvalidated)",0.2413,ok,latest fiscal year revenue YoY +2.7% vs previous fiscal year YoY +5.5% (change -2.8pp); 0.5*level(50%=1) + 0.5*accel(+20pp=1),0.8014,ok,ebitda margin 31.5% (+3.6pp YoY); EBITDA growth minus revenue growth +13.1pp; 0.6*margin(+5pp=1) + 0.4*leverage,0.0,partial,P/S 2.1x / growth 3% = 0.80 (market cap not EV; single-period growth; lower is better),2026-03-31,sec_xbrl_10K,False,high_volatility_gt_60pct
15,ECPG,"Encore Capital Group, Inc.",Financials,small,US,95.91999816894531,2026-10-02,1.3780789822763144,0.9827935222672065,1.0,0.35557316948220186,-0.07538075820180157,0.21982621840572736,29704877.04963684,5000000.0,2034402347.884491,0.9931,ok,"weighted 0.40 mom12-1 rank + 0.15 mom/vol rank + 0.30 trend filters + 0.15 index regime (declared weights, unvalidated)",0.3209,partial,latest fiscal year revenue YoY +4.3% vs previous fiscal year YoY +2.0% (change +2.3pp); 0.5*level(50%=1) + 0.5*accel(+20pp=1); financial company: revenue definition differs,,missing,financial company: EBITDA/operating margin not meaningful,0.0,partial,P/S 23.0x / growth 4% = 5.41 (market cap not EV; single-period growth; lower is better),2025-12-31,sec_xbrl_10K,False,financial_sector_ebitda_not_meaningful
16,LFST,Lifestance Health,Health Care,small,US,11.829999923706055,2026-10-02,1.3651377604471526,0.9817813765182186,0.9817813765182186,0.5290150502052988,-0.11584455736005272,0.3447078344371475,58953615.28558731,5000000.0,4497223530.00654,0.99,ok,"weighted 0.40 mom12-1 rank + 0.15 mom/vol rank + 0.30 trend filters + 0.15 index regime (declared weights, unvalidated)",0.3305,ok,latest fiscal year revenue YoY +13.9% vs previous fiscal year YoY +18.5% (change -4.6pp); 0.5*level(50%=1) + 0.5*accel(+20pp=1),0.9336,ok,ebitda margin 4.6% (+3.9pp YoY); EBITDA growth minus revenue growth +611.7pp; 0.6*margin(+5pp=1) + 0.4*leverage,0.7868,partial,P/S 3.2x / growth 14% = 0.23 (market cap not EV; single-period growth; lower is better),2025-12-31,sec_xbrl_10K,False,
17,PARR,"Par Pacific Holdings, Inc.",Energy,small,US,84.0,2026-10-02,1.2961903183179664,0.9807692307692307,0.9554655870445344,0.5805842855957232,-0.028789431440286672,0.40911344485986323,78423879.32167053,5000000.0,4208368668.0,0.9856,ok,"weighted 0.40 mom12-1 rank + 0.15 mom/vol rank + 0.30 trend filters + 0.15 index regime (declared weights, unvalidated)",0.2092,ok,latest fiscal year revenue YoY -6.4% vs previous fiscal year YoY -3.1% (change -3.3pp); 0.5*level(50%=1) + 0.5*accel(+20pp=1),1.0,ok,ebitda margin 9.2% (+6.9pp YoY); EBITDA growth minus revenue growth +287.5pp; 0.6*margin(+5pp=1) + 0.4*leverage,0.1,partial,P/S 0.6x with non-positive growth (-6.4%): nothing growing to pay for,2025-12-31,sec_xbrl_10K,False,
18,PTGX,"Protagonist Therapeutics, Inc.",Health Care,small,US,140.05999755859375,2026-10-02,1.2825000286102295,0.979757085020243,0.979757085020243,0.5007961807001801,-0.11700919259820763,0.2591629258860617,96795045.90911865,5000000.0,9063042239.120789,0.9889,ok,"weighted 0.40 mom12-1 rank + 0.15 mom/vol rank + 0.30 trend filters + 0.15 index regime (declared weights, unvalidated)",0.0,ok,latest fiscal year revenue YoY -89.4% vs previous fiscal year YoY +624.1% (change -713.5pp); 0.5*level(50%=1) + 0.5*accel(+20pp=1),0.0,ok,ebitda margin -340.9% (-399.2pp YoY); EBITDA not positive; 0.6*margin(+5pp=1) + 0.4*leverage,0.1,partial,P/S 197.0x with non-positive growth (-89.4%): nothing growing to pay for,2025-12-31,sec_xbrl_10K,False,
19,XNCR,Xencor Inc,Health Care,small,US,24.84000015258789,2026-10-02,1.2738799486063859,0.978744939271255,0.9352226720647774,0.658818733277278,-0.1522184027510608,0.563948600253382,29280978.251361847,5000000.0,1846938392.825428,0.9818,ok,"weighted 0.40 mom12-1 rank + 0.15 mom/vol rank + 0.30 trend filters + 0.15 index regime (declared weights, unvalidated)",0.6365,ok,latest fiscal year revenue YoY +13.7% vs previous fiscal year YoY -34.4% (change +48.0pp); 0.5*level(50%=1) + 0.5*accel(+20pp=1),0.6,ok,ebitda margin -133.0% (+17.5pp YoY); EBITDA not positive; 0.6*margin(+5pp=1) + 0.4*leverage,0.0,partial,P/S 14.7x / growth 14% = 1.08 (market cap not EV; single-period growth; lower is better),2025-12-31,sec_xbrl_10K,False,high_volatility_gt_60pct
20,COHU,"Cohu, Inc.",Information Technology,small,US,73.4800033569336,2026-10-02,1.2404505303167088,0.9767206477732794,0.9200404858299596,0.6849761054555179,-0.005817890459613451,0.6772159137856877,58482803.425216675,5000000.0,3478428215.751976,0.9787,ok,"weighted 0.40 mom12-1 rank + 0.15 mom/vol rank + 0.30 trend filters + 0.15 index regime (declared weights, unvalidated)",0.6274,ok,latest fiscal year revenue YoY +12.7% vs previous fiscal year YoY -36.9% (change +49.6pp); 0.5*level(50%=1) + 0.5*accel(+20pp=1),0.3336,ok,ebitda margin -4.2% (+0.6pp YoY); EBITDA not positive; 0.6*margin(+5pp=1) + 0.4*leverage,0.1618,partial,P/S 7.7x / growth 13% = 0.60 (market cap not EV; single-period growth; lower is better),2025-12-27,sec_xbrl_10K,False,high_volatility_gt_60pct; extended_gt_60pct_above_200dma
21,MATX,"Matson, Inc.",Industrials,small,US,231.11000061035156,2026-10-02,1.2294820027688047,0.9757085020242915,0.9969635627530364,0.3594003299246099,-0.03139147234520423,0.26911470281332983,62520637.58392334,5000000.0,6910988196.631622,0.9898,ok,"weighted 0.40 mom12-1 rank + 0.15 mom/vol rank + 0.30 trend filters + 0.15 index regime (declared weights, unvalidated)",0.0896,ok,latest fiscal year revenue YoY -2.3% vs previous fiscal year YoY +10.6% (change -12.8pp); 0.5*level(50%=1) + 0.5*accel(+20pp=1),0.436,ok,ebitda margin 19.7% (-0.7pp YoY); EBITDA growth minus revenue growth -3.3pp; 0.6*margin(+5pp=1) + 0.4*leverage,0.1,partial,P/S 2.1x with non-positive growth (-2.3%): nothing growing to pay for,2025-12-31,sec_xbrl_10K,False,
22,TWLO,Twilio,Information Technology,mid,US,294.5799865722656,2026-10-02,1.2078871152671544,0.9736842105263158,0.9311740890688259,0.6302889168485944,-0.02220600353625879,0.672705433414013,778344633.9019775,5000000.0,45240186245.43274,0.9791,ok,"weighted 0.40 mom12-1 rank + 0.15 mom/vol rank + 0.30 trend filters + 0.15 index regime (declared weights, unvalidated)",0.466,ok,latest fiscal year revenue YoY +13.7% vs previous fiscal year YoY +7.3% (change +6.3pp); 0.5*level(50%=1) + 0.5*accel(+20pp=1),0.9133,ok,ebitda margin 7.0% (+3.6pp YoY); EBITDA growth minus revenue growth +118.3pp; 0.6*margin(+5pp=1) + 0.4*leverage,0.0777,partial,P/S 8.9x / growth 14% = 0.65 (market cap not EV; single-period growth; lower is better),2025-12-31,sec_xbrl_10K,False,high_volatility_gt_60pct; extended_gt_60pct_above_200dma
23,ROIV,Roivant Sciences,Health Care,mid,US,35.720001220703125,2026-10-02,1.1701587495349703,0.97165991902834,0.9767206477732794,0.46285314675701655,-0.1456589321347952,0.18361335862564276,251185131.46133423,5000000.0,25801378977.54196,0.9852,ok,"weighted 0.40 mom12-1 rank + 0.15 mom/vol rank + 0.30 trend filters + 0.15 index regime (declared weights, unvalidated)",0.3144,ok,latest fiscal year revenue YoY -71.6% vs previous fiscal year YoY -76.7% (change +5.2pp); 0.5*level(50%=1) + 0.5*accel(+20pp=1),0.0,ok,ebitda margin -6195.2% (-2790.3pp YoY); EBITDA not positive; 0.6*margin(+5pp=1) + 0.4*leverage,0.1,partial,P/S 3123.7x with non-positive growth (-71.6%): nothing growing to pay for,2026-03-31,sec_xbrl_10K,False,
24,GKOS,Glaukos Corp.,Health Care,small,US,163.75,2026-10-02,1.1580718056324906,0.9706477732793523,0.9524291497975709,0.5231949794027755,-0.13611185774928725,0.21267596472538797,130062670.05462646,5000000.0,9658619683.75,0.9811,ok,"weighted 0.40 mom12-1 rank + 0.15 mom/vol rank + 0.30 trend filters + 0.15 index regime (declared weights, unvalidated)",0.7042,ok,latest fiscal year revenue YoY +32.3% vs previous fiscal year YoY +21.9% (change +10.5pp); 0.5*level(50%=1) + 0.5*accel(+20pp=1),0.0,ok,ebitda margin -31.8% (-9.2pp YoY); EBITDA not positive; 0.6*margin(+5pp=1) + 0.4*leverage,0.1853,partial,P/S 19.0x / growth 32% = 0.59 (market cap not EV; single-period growth; lower is better),2025-12-31,sec_xbrl_10K,False,
25,DAR,Darling Ingredients,Consumer Staples,mid,US,62.939998626708984,2026-10-02,1.156937860407513,0.9696356275303644,0.9959514170040485,0.3446704734683725,-0.07901665204198516,0.11981921239107929,130916895.26424408,5000000.0,9932115316.330673,0.9872,ok,"weighted 0.40 mom12-1 rank + 0.15 mom/vol rank + 0.30 trend filters + 0.15 index regime (declared weights, unvalidated)",0.5736,ok,latest fiscal year revenue YoY +7.4% vs previous fiscal year YoY -15.8% (change +23.2pp); 0.5*level(50%=1) + 0.5*accel(+20pp=1),0.0647,ok,ebitda margin 12.7% (-4.3pp YoY); EBITDA growth minus revenue growth -26.9pp; 0.6*margin(+5pp=1) + 0.4*leverage,0.8002,partial,P/S 1.6x / growth 7% = 0.22 (market cap not EV; single-period growth; lower is better),2026-01-03,sec_xbrl_10K,False,
26,KALU,Kaiser Aluminum Corporation,Materials,small,US,152.02999877929688,2026-10-02,1.1240344242944693,0.9686234817813765,0.9473684210526315,0.5241391309412404,-0.2195421562264881,0.009678225796325268,27241745.726013184,5000000.0,2485552436.8026123,0.9796,ok,"weighted 0.40 mom12-1 rank + 0.15 mom/vol rank + 0.30 trend filters + 0.15 index regime (declared weights, unvalidated)",0.5352,ok,latest fiscal year revenue YoY +11.5% vs previous fiscal year YoY -2.0% (change +13.6pp); 0.5*level(50%=1) + 0.5*accel(+20pp=1),0.8488,ok,ebitda margin 9.2% (+2.5pp YoY); EBITDA growth minus revenue growth +41.0pp; 0.6*margin(+5pp=1) + 0.4*leverage,1.0,partial,P/S 0.7x / growth 12% = 0.06 (market cap not EV; single-period growth; lower is better),2025-12-31,sec_xbrl_10K,False,drawdown_from_52w_high_gt_20pct
27,HP,"Helmerich & Payne, Inc.",Energy,small,US,38.560001373291016,2026-10-02,1.1214360930571665,0.9676113360323887,0.9777327935222672,0.44027370986865566,-0.19059609850310766,0.0709465099044444,40518343.05686951,5000000.0,3853645856.4452553,0.9837,ok,"weighted 0.40 mom12-1 rank + 0.15 mom/vol rank + 0.30 trend filters + 0.15 index regime (declared weights, unvalidated)",0.8396,ok,latest fiscal year revenue YoY +34.0% vs previous fiscal year YoY -4.1% (change +38.0pp); 0.5*level(50%=1) + 0.5*accel(+20pp=1),0.0,ok,ebitda margin 17.1% (-13.8pp YoY); EBITDA growth minus revenue growth -60.0pp; 0.6*margin(+5pp=1) + 0.4*leverage,1.0,partial,P/S 1.0x / growth 34% = 0.03 (market cap not EV; single-period growth; lower is better),2025-09-30,sec_xbrl_10K,False,
28,HAE,Haemonetics,Health Care,mid,US,104.68000030517578,2026-10-02,1.1085842096546927,0.9665991902834008,0.958502024291498,0.48883407962266046,-0.03786767124098411,0.3953268347677892,50907120.46775818,5000000.0,4762631312.564598,0.9804,ok,"weighted 0.40 mom12-1 rank + 0.15 mom/vol rank + 0.30 trend filters + 0.15 index regime (declared weights, unvalidated)",0.176,ok,latest fiscal year revenue YoY -2.0% vs previous fiscal year YoY +4.0% (change -5.9pp); 0.5*level(50%=1) + 0.5*accel(+20pp=1),0.0966,ok,ebitda margin 20.1% (-4.7pp YoY); EBITDA growth minus revenue growth -18.5pp; 0.6*margin(+5pp=1) + 0.4*leverage,0.1,partial,P/S 3.6x with non-positive growth (-2.0%): nothing growing to pay for,2026-03-28,sec_xbrl_10K,False,
29,DINO,HF Sinclair,Energy,mid,US,113.36000061035156,2026-10-02,1.1065533048756993,0.9655870445344129,0.9908906882591093,0.39200944165469065,-0.027954056417873074,0.6082434199402471,274925540.6730652,5000000.0,20153577231.15065,0.9849,ok,"weighted 0.40 mom12-1 rank + 0.15 mom/vol rank + 0.30 trend filters + 0.15 index regime (declared weights, unvalidated)",0.3075,ok,latest fiscal year revenue YoY -6.0% vs previous fiscal year YoY -10.6% (change +4.6pp); 0.5*level(50%=1) + 0.5*accel(+20pp=1),0.8805,ok,ebitda margin 6.8% (+3.0pp YoY); EBITDA growth minus revenue growth +74.0pp; 0.6*margin(+5pp=1) + 0.4*leverage,0.1,partial,P/S 0.8x with non-positive growth (-6.0%): nothing growing to pay for,2025-12-31,sec_xbrl_10K,False,extended_gt_60pct_above_200dma
30,CHEF,"Chefs' Warehouse, Inc.",Consumer Staples,small,US,116.41999816894531,2026-10-02,1.0774725911199154,0.9645748987854251,0.992914979757085,0.37501686987353766,0.0,0.41524713533879676,63993814.29748535,5000000.0,4749479908.160141,0.9848,ok,"weighted 0.40 mom12-1 rank + 0.15 mom/vol rank + 0.30 trend filters + 0.15 index regime (declared weights, unvalidated)",0.3295,ok,latest fiscal year revenue YoY +9.4% vs previous fiscal year YoY +10.5% (change -1.1pp); 0.5*level(50%=1) + 0.5*accel(+20pp=1),0.5765,ok,ebitda margin 4.8% (+0.3pp YoY); EBITDA growth minus revenue growth +8.4pp; 0.6*margin(+5pp=1) + 0.4*leverage,0.963,partial,P/S 1.1x / growth 9% = 0.12 (market cap not EV; single-period growth; lower is better),2025-12-26,sec_xbrl_10K,False,
31,KRYS,Krystal Biotech,Health Care,mid,US,322.2799987792969,2026-10-02,1.055731917663877,0.9635627530364372,0.9898785425101214,0.37720971781575097,-0.1477455930687691,0.06936558451784736,81076957.7835083,5000000.0,9539112829.948608,0.9839,ok,"weighted 0.40 mom12-1 rank + 0.15 mom/vol rank + 0.30 trend filters + 0.15 index regime (declared weights, unvalidated)",,missing,no YoY revenue growth computable (history too short or non-positive base),,missing,no year-ago margin comparison available,,missing,"needs market cap, TTM/latest revenue and a revenue growth rate",2022-12-31,sec_xbrl_10K,False,fundamentals_stale
32,OII,"Oceaneering International, Inc.",Energy,small,US,44.31999969482422,2026-10-02,1.0471848720779353,0.9625506072874493,0.9574898785425101,0.4630150595550918,-0.18092775466822775,0.1496682831395939,41686627.01797485,5000000.0,4411153836.025963,0.9786,ok,"weighted 0.40 mom12-1 rank + 0.15 mom/vol rank + 0.30 trend filters + 0.15 index regime (declared weights, unvalidated)",0.2277,ok,latest fiscal year revenue YoY +4.1% vs previous fiscal year YoY +9.1% (change -5.0pp); 0.5*level(50%=1) + 0.5*accel(+20pp=1),0.6792,ok,ebitda margin 15.4% (+1.6pp YoY); EBITDA growth minus revenue growth +12.3pp; 0.6*margin(+5pp=1) + 0.4*leverage,0.4811,partial,P/S 1.7x / growth 4% = 0.41 (market cap not EV; single-period growth; lower is better),2025-12-31,sec_xbrl_10K,False,
33,NEOG,Neogen,Health Care,small,US,12.149999618530273,2026-10-02,1.0362069019381126,0.9615384615384616,0.902834008097166,0.607031039999743,-0.13090128638253995,0.21594231842538125,47927541.80231094,5000000.0,2649987877.549162,0.97,ok,"weighted 0.40 mom12-1 rank + 0.15 mom/vol rank + 0.30 trend filters + 0.15 index regime (declared weights, unvalidated)",0.2561,ok,latest fiscal year revenue YoY -2.7% vs previous fiscal year YoY -3.2% (change +0.5pp); 0.5*level(50%=1) + 0.5*accel(+20pp=1),1.0,ok,ebitda margin 10.9% (+116.1pp YoY); EBITDA turned positive vs year-ago; 0.6*margin(+5pp=1) + 0.4*leverage,0.1,partial,P/S 3.0x with non-positive growth (-2.7%): nothing growing to pay for,2026-05-31,sec_xbrl_10K,False,high_volatility_gt_60pct
34,MTSI,MACOM Technology Solutions,Information Technology,mid,US,321.6000061035156,2026-10-02,1.0350821944299633,0.9605263157894737,0.895748987854251,0.6218393041312799,-0.21499704195213576,0.1768466661348933,350641663.7023926,5000000.0,24560891875.73117,0.9686,ok,"weighted 0.40 mom12-1 rank + 0.15 mom/vol rank + 0.30 trend filters + 0.15 index regime (declared weights, unvalidated)",0.8258,ok,latest fiscal year revenue YoY +32.6% vs previous fiscal year YoY +12.5% (change +20.1pp); 0.5*level(50%=1) + 0.5*accel(+20pp=1),0.567,ok,ebitda margin 19.9% (+0.6pp YoY); EBITDA growth minus revenue growth +4.3pp; 0.6*margin(+5pp=1) + 0.4*leverage,0.0,partial,P/S 25.4x / growth 33% = 0.78 (market cap not EV; single-period growth; lower is better),2025-10-03,sec_xbrl_10K,False,high_volatility_gt_60pct; drawdown_from_52w_high_gt_20pct
35,CAKE,"The Cheesecake Factory, Inc.",Consumer Discretionary,small,US,109.6500015258789,2026-10-02,1.0221702131590034,0.9595141700404858,0.9838056680161943,0.3925571602145465,-0.06513768718572,0.49025383202150263,136252742.37976074,5000000.0,5456253594.028702,0.9814,ok,"weighted 0.40 mom12-1 rank + 0.15 mom/vol rank + 0.30 trend filters + 0.15 index regime (declared weights, unvalidated)",0.3052,ok,latest fiscal year revenue YoY +4.7% vs previous fiscal year YoY +4.1% (change +0.6pp); 0.5*level(50%=1) + 0.5*accel(+20pp=1),0.513,ok,ebitda margin 7.9% (+0.1pp YoY); EBITDA growth minus revenue growth +1.2pp; 0.6*margin(+5pp=1) + 0.4*leverage,0.6563,partial,P/S 1.5x / growth 5% = 0.31 (market cap not EV; single-period growth; lower is better),2025-12-30,sec_xbrl_10K,False,
36,BTSG,BrightSpring Health Services,Health Care,mid,US,60.25,2026-10-02,1.0191018663508546,0.9574898785425101,0.9635627530364372,0.44147588522392356,-0.17363877419044293,0.15225495200286754,129405193.0562973,5000000.0,11921320520.25,0.9775,ok,"weighted 0.40 mom12-1 rank + 0.15 mom/vol rank + 0.30 trend filters + 0.15 index regime (declared weights, unvalidated)",0.2327,ok,latest fiscal year revenue YoY +14.6% vs previous fiscal year YoY +27.6% (change -13.1pp); 0.5*level(50%=1) + 0.5*accel(+20pp=1),0.4764,ok,ebitda margin 3.6% (-0.1pp YoY); EBITDA growth minus revenue growth -2.7pp; 0.6*margin(+5pp=1) + 0.4*leverage,1.0,partial,P/S 0.9x / growth 15% = 0.06 (market cap not EV; single-period growth; lower is better),2025-12-31,sec_xbrl_10K,False,
37,VIR,"Vir Biotechnology, Inc.",Health Care,small,US,11.170000076293945,2026-10-02,1.0175439271606956,0.9564777327935222,0.8846153846153846,0.6488626736316027,-0.03955288337235641,0.23797834345207636,19726410.995340347,5000000.0,1890142263.770153,0.9653,ok,"weighted 0.40 mom12-1 rank + 0.15 mom/vol rank + 0.30 trend filters + 0.15 index regime (declared weights, unvalidated)",0.3285,ok,latest fiscal year revenue YoY -7.6% vs previous fiscal year YoY -13.9% (change +6.3pp); 0.5*level(50%=1) + 0.5*accel(+20pp=1),0.6,ok,ebitda margin -682.1% (+89.5pp YoY); EBITDA not positive; 0.6*margin(+5pp=1) + 0.4*leverage,0.1,partial,P/S 27.6x with non-positive growth (-7.6%): nothing growing to pay for,2025-12-31,sec_xbrl_10K,False,high_volatility_gt_60pct
38,HZO,"MarineMax, Inc.",Consumer Discretionary,small,US,52.349998474121094,2026-10-02,1.0166408785850072,0.9554655870445344,0.8805668016194332,0.665547962321537,-0.003995488844805051,0.5102493152662888,40014618.85795593,5000000.0,1156240543.548317,0.9643,ok,"weighted 0.40 mom12-1 rank + 0.15 mom/vol rank + 0.30 trend filters + 0.15 index regime (declared weights, unvalidated)",0.1685,ok,latest fiscal year revenue YoY -5.0% vs previous fiscal year YoY +1.5% (change -6.5pp); 0.5*level(50%=1) + 0.5*accel(+20pp=1),0.0903,ok,ebitda margin 3.6% (-3.5pp YoY); EBITDA growth minus revenue growth -46.7pp; 0.6*margin(+5pp=1) + 0.4*leverage,0.1,partial,P/S 0.5x with non-positive growth (-5.0%): nothing growing to pay for,2025-09-30,sec_xbrl_10K,False,high_volatility_gt_60pct; data:price_jump
39,FTI,TechnipFMC,Energy,mid,US,68.81999969482422,2026-10-02,1.0103225697153668,0.9534412955465587,0.9949392712550608,0.3224128792970751,-0.1406094140705163,0.028872241557420075,192802553.95202637,5000000.0,26988753062.480927,0.9806,ok,"weighted 0.40 mom12-1 rank + 0.15 mom/vol rank + 0.30 trend filters + 0.15 index regime (declared weights, unvalidated)",0.2592,ok,latest fiscal year revenue YoY +9.4% vs previous fiscal year YoY +16.1% (change -6.7pp); 0.5*level(50%=1) + 0.5*accel(+20pp=1),0.6892,ok,ebitda margin 18.9% (+1.8pp YoY); EBITDA growth minus revenue growth +11.8pp; 0.6*margin(+5pp=1) + 0.4*leverage,0.6823,partial,P/S 2.7x / growth 9% = 0.29 (market cap not EV; single-period growth; lower is better),2025-12-31,sec_xbrl_10K,False,
40,NEO,"NeoGenomics Laboratories, Inc.",Health Care,small,US,18.469999313354492,2026-10-02,0.995412739185503,0.9524291497975709,0.9321862348178138,0.519151930004933,-0.07232549196853899,0.498586145008594,39475070.31059265,5000000.0,2372941288.5829163,0.9708,ok,"weighted 0.40 mom12-1 rank + 0.15 mom/vol rank + 0.30 trend filters + 0.15 index regime (declared weights, unvalidated)",0.3318,ok,latest fiscal year revenue YoY +10.1% vs previous fiscal year YoY +11.6% (change -1.5pp); 0.5*level(50%=1) + 0.5*accel(+20pp=1),0.0812,ok,ebitda margin -6.6% (-3.6pp YoY); EBITDA not positive; 0.6*margin(+5pp=1) + 0.4*leverage,0.6287,partial,P/S 3.3x / growth 10% = 0.32 (market cap not EV; single-period growth; lower is better),2025-12-31,sec_xbrl_10K,False,
