mode,seed,CAGR,MaxDD
random,0,0.14618626269195167,-0.24774214712106435
random,1,0.08264917597768773,-0.269227716266491
random,2,0.15776355469765146,-0.24883552061445957
random,3,0.1528847063348273,-0.29512666727683123
random,4,0.15963923762562526,-0.22386149941366096
random,5,0.1749186989658298,-0.23618543613224463
random,6,0.14143405296978617,-0.2633381609395812
random,7,0.15897706452083682,-0.21142988953046538
random,8,0.12503390185358465,-0.2654957352919609
random,9,0.12699840654197492,-0.2727838367959482
random,10,0.14290988115295677,-0.23608927487364406
random,11,0.15381900148412964,-0.20873382475570768
random,12,0.14151970126565083,-0.24754006647256122
random,13,0.16295675536905896,-0.20525845067097592
random,14,0.15386896721173926,-0.22054299982440861
random,15,0.1772420889504882,-0.21780499044372414
random,16,0.16423653273173322,-0.20751747047506253
random,17,0.12111008422002323,-0.2283870337659647
random,18,0.1435508720020524,-0.2428975872017639
random,19,0.1443764574063311,-0.22034796933164924
random,20,0.09912205057655199,-0.2252435645461095
random,21,0.1890980075886417,-0.2637197045967332
random,22,0.10588904527695564,-0.24745810445667904
random,23,0.15718520537004754,-0.2699705882295935
random,24,0.16688480740915956,-0.22173799274341355
random,25,0.16856644316006242,-0.21454344995976093
random,26,0.14098174346648418,-0.25802163946939827
random,27,0.16131078021733192,-0.2397719069528017
random,28,0.17655600918585734,-0.23183608268823297
random,29,0.1361329174009287,-0.25056380778643284
random,30,0.15555127632359467,-0.284748566147464
random,31,0.11633922921311646,-0.2298332634955489
random,32,0.13606647279301898,-0.19383210503427817
random,33,0.1328206386390196,-0.22051280776838023
random,34,0.15692547754921682,-0.23409641256167502
random,35,0.16260337208507059,-0.23214296648137667
random,36,0.1969750684551761,-0.2061575151096886
random,37,0.15959078665846183,-0.2509329027493755
random,38,0.11555830474671014,-0.25374948141770937
random,39,0.134915150965063,-0.2999241948216853
random,40,0.12432698603995673,-0.23261519754762705
random,41,0.14130451753080808,-0.2524293418770801
random,42,0.12788054626404377,-0.21936998007725295
random,43,0.12584810231414667,-0.29229835139582405
random,44,0.09376953641721286,-0.32833268800032167
random,45,0.12743888530863345,-0.24137830721650222
random,46,0.1617530427534435,-0.2803096614721504
random,47,0.1562490202336908,-0.2378697018881064
random,48,0.1416279815213375,-0.24303233649987577
random,49,0.1615268295150718,-0.2626582545864077
random,50,0.1701770904318598,-0.2538990703012364
random,51,0.12358439490744155,-0.2270184676949335
random,52,0.1568874320498621,-0.2174533006801218
random,53,0.16879689907393236,-0.2539232090175739
random,54,0.13396684940796577,-0.2426220098080737
random,55,0.16173210734642463,-0.3208961267411595
random,56,0.1237365235422152,-0.24171627978824817
random,57,0.14307400378565038,-0.21566746052772534
random,58,0.1518798837613331,-0.23059181224863223
random,59,0.11725723226569484,-0.2212462481294546
random,60,0.157051827100116,-0.2229243960793752
random,61,0.11703647813934759,-0.30809787895576257
random,62,0.1601449645261528,-0.22579957312456944
random,63,0.15484413444633804,-0.27513759373959945
random,64,0.15489793974287025,-0.21234113745031935
random,65,0.19871207477630315,-0.23087217934883852
random,66,0.13807690834852604,-0.2321677046082471
random,67,0.13199899110596713,-0.2706512612454193
random,68,0.13097520128648443,-0.26462199750191373
random,69,0.15221313656565183,-0.24527098118546742
random,70,0.16590603946377191,-0.2298092247891924
random,71,0.14972059470905275,-0.23341382190693183
random,72,0.17396782793109167,-0.21596858873654856
random,73,0.11902047712634634,-0.2883619311318447
random,74,0.1409694676544706,-0.20064669643331734
random,75,0.12610259067476925,-0.21894095805729596
random,76,0.1566386689337178,-0.18942046079431996
random,77,0.11950155560442122,-0.25315517442467517
random,78,0.14839143550552225,-0.2874904760479873
random,79,0.14128195123746368,-0.24212187174581823
random,80,0.16583557813307204,-0.240506906196302
random,81,0.15674240238001413,-0.22610348190617402
random,82,0.1520697639675539,-0.20728159481254882
random,83,0.12450684725269179,-0.2530960562881638
random,84,0.11549046269854335,-0.285124718129249
random,85,0.17257427102383338,-0.20982467675137628
random,86,0.11725499667878658,-0.27409039644621047
random,87,0.13421828357263754,-0.24437806591529365
random,88,0.16249285628163768,-0.22434690293677162
random,89,0.12064063800332847,-0.271505780286747
random,90,0.13929045269721363,-0.2448290773951478
random,91,0.16093438210308442,-0.19527500295671263
random,92,0.1298656434688652,-0.25050603500991897
random,93,0.15731059080281806,-0.20723568334607034
random,94,0.16068502095245996,-0.22495042534374432
random,95,0.13216754358868776,-0.22395791778375218
random,96,0.14151489914319737,-0.20315128868223165
random,97,0.14179021533164127,-0.2973240625784861
random,98,0.15291103166424014,-0.25358121934710975
random,99,0.1508215235650563,-0.23512512364017113
random,100,0.15318361320592766,-0.22864286996411376
random,101,0.14226391900551794,-0.2576085643961231
random,102,0.15292083154989466,-0.22947619477006964
random,103,0.14648780144209517,-0.23375771224877184
random,104,0.16321006375209346,-0.22933587203709427
random,105,0.13351614997107952,-0.25090145629409144
random,106,0.13604681181444844,-0.2871462430328455
random,107,0.1282428470565471,-0.2923435933955917
random,108,0.14026081229603204,-0.22139655367661026
random,109,0.11814827096308722,-0.22245282442996084
random,110,0.1676351474407365,-0.1994598143282854
random,111,0.13212209462209956,-0.2863196629319559
random,112,0.15591183466924585,-0.20186873788260595
random,113,0.17391692986396534,-0.21912270149492896
random,114,0.15277994041252718,-0.1723659407794813
random,115,0.16760322027875585,-0.1992309272092343
random,116,0.19056758324015077,-0.21760832137224528
random,117,0.14951542367720405,-0.2788374730940234
random,118,0.15574572449852142,-0.21436795809699638
random,119,0.14258323226030534,-0.23657289738760057
random,120,0.16501318215798144,-0.27630856616419663
random,121,0.1614147734445921,-0.25208691565420405
random,122,0.13272379005544233,-0.24905883194044764
random,123,0.13454701271506808,-0.2284623497854209
random,124,0.19321787080715747,-0.22018075588293418
random,125,0.1559109087934616,-0.27316981713334976
random,126,0.1791742252712385,-0.22361470670498595
random,127,0.17501353457659108,-0.2146553041365159
random,128,0.11608328167613013,-0.23810781964075556
random,129,0.15291714155245772,-0.22028437037702042
random,130,0.11909410509191387,-0.2253200602561506
random,131,0.10667292884293667,-0.28253028683665227
random,132,0.1352782524847147,-0.24687686585765523
random,133,0.1789969361260808,-0.20345078388158533
random,134,0.1542277172382045,-0.2066617784075354
random,135,0.13706853982252643,-0.23191653332102546
random,136,0.1210013128348757,-0.28580595508473794
random,137,0.18824572812934304,-0.23269124606259406
random,138,0.16853695661707335,-0.23876771374981454
random,139,0.17216996723299371,-0.21724673330470978
random,140,0.09877814087404668,-0.2555680750312139
random,141,0.14505120259060433,-0.2574460450654067
random,142,0.1905580121196313,-0.2531859306618798
random,143,0.11604116101989148,-0.23211316883064714
random,144,0.16075808831070293,-0.1993434656029247
random,145,0.13906123113168234,-0.2501368357182322
random,146,0.15165932181160247,-0.27518601701330214
random,147,0.12440103027583937,-0.23901811771922998
random,148,0.16160354178037428,-0.2097678747744286
random,149,0.15947201279687095,-0.2546293216340231
random_all,0,0.06464606963631758,-0.35539067974192073
random_all,1,0.11327651355527579,-0.3419262953950192
random_all,2,0.1107965587002202,-0.35896445382099396
random_all,3,0.07684150578874971,-0.3141994841056591
random_all,4,0.12440178090667331,-0.26914903664696244
random_all,5,0.09599249026616308,-0.3128901626218471
random_all,6,0.056649048741777897,-0.34770205840166657
random_all,7,0.10711295215903727,-0.30619998229976286
random_all,8,0.09464219709269783,-0.3070924319843693
random_all,9,0.09511485744290882,-0.29139427555429753
random_all,10,0.1335619395961496,-0.23909576418352974
random_all,11,0.06407379291731918,-0.3767487286009965
random_all,12,0.06906977268404968,-0.26883167763901317
random_all,13,0.10394840570645147,-0.2811811753984149
random_all,14,0.10534501476521574,-0.31673802519923777
random_all,15,0.11649675383430758,-0.25111527167841374
random_all,16,0.05847636740288653,-0.36242815558081853
random_all,17,0.09278089014985369,-0.3016206118183239
random_all,18,0.08588964785262765,-0.3261796528803218
random_all,19,0.0954395008658846,-0.3667015385636667
random_all,20,0.09824090544985387,-0.35220982937510603
random_all,21,0.06437134910008457,-0.29563930067851574
random_all,22,0.1090668007776272,-0.2719894961790633
random_all,23,0.08948905993639089,-0.3324894776852534
random_all,24,0.08944612170055222,-0.3166631487859207
random_all,25,0.06227002468848353,-0.33717426948147455
random_all,26,0.09005362383447668,-0.3200801592811032
random_all,27,0.06838497032320734,-0.3372281608839407
random_all,28,0.09220272574801469,-0.25767643974654153
random_all,29,0.09075924658688894,-0.37313344709325513
random_all,30,0.11231929065841517,-0.34784692055069766
random_all,31,0.08844118247812238,-0.3347800589066663
random_all,32,0.08429803365980537,-0.3287776600574509
random_all,33,0.08460620554401066,-0.34825242604093476
random_all,34,0.08055234111327936,-0.35022762777756833
random_all,35,0.0757096837490645,-0.40744939776833555
random_all,36,0.08302594576625744,-0.32333874621358005
random_all,37,0.09529735087796598,-0.32910341117961583
random_all,38,0.07425463156866918,-0.29576273604059666
random_all,39,0.08994200893565063,-0.2984261576339877
random_all,40,0.11594575055964262,-0.31861203405210414
random_all,41,0.0952095290449444,-0.2878211059446226
random_all,42,0.09692002247862463,-0.3016614986123074
random_all,43,0.11808625406933104,-0.2582912956862724
random_all,44,0.09740954788386258,-0.3454476285733332
random_all,45,0.09053949337663347,-0.27327998150463195
random_all,46,0.08679699822848641,-0.3582155815637361
random_all,47,0.13101305991835543,-0.2884848960210442
random_all,48,0.09975787544819203,-0.29503567590664836
random_all,49,0.07638109877007526,-0.35166522340510187
random_all,50,0.0935144579471976,-0.3579455358294077
random_all,51,0.03953538077926333,-0.3494770665553849
random_all,52,0.0884554955751331,-0.313328752079866
random_all,53,0.08691674605398236,-0.3241987020722785
random_all,54,0.11051118247757175,-0.2870084156141771
random_all,55,0.07882129786699354,-0.31975833005960597
random_all,56,0.09667296831788441,-0.3311362652304176
random_all,57,0.1143673772172038,-0.3146080979757171
random_all,58,0.04017226474582203,-0.3871135795584911
random_all,59,0.10093602688679049,-0.2902997945568466
random_all,60,0.08874140527177055,-0.29297520574853453
random_all,61,0.08004678775666618,-0.3196381385747997
random_all,62,0.11937239731660654,-0.2942950830332195
random_all,63,0.09875596556271837,-0.29826616635078573
random_all,64,0.11646157607379837,-0.3211844344624907
random_all,65,0.08492207329501666,-0.3125363086353141
random_all,66,0.07972300087864848,-0.28502722545020953
random_all,67,0.100754120699583,-0.33164402049272834
random_all,68,0.09276837788848669,-0.31898528843382257
random_all,69,0.07004175265403223,-0.32824751171512434
random_all,70,0.08389138778661231,-0.35763598543919484
random_all,71,0.08721637169217766,-0.34483923984636966
random_all,72,0.07508307049442209,-0.3120012103182559
random_all,73,0.09961803313790862,-0.3103349070833995
random_all,74,0.06525700319267536,-0.32479177311315577
random_all,75,0.08124883233482971,-0.3589459125742066
random_all,76,0.0801375212939226,-0.34819250171100447
random_all,77,0.08116696347447094,-0.3027319040767301
random_all,78,0.09670347600685392,-0.3589709116036629
random_all,79,0.07584152177952874,-0.3234338261087716
random_all,80,0.09705887653692757,-0.34855618829307866
random_all,81,0.09451029927147259,-0.35539000504763274
random_all,82,0.13870540811580123,-0.2586361708193511
random_all,83,0.10183206080044016,-0.3284306971896279
random_all,84,0.11667334643813132,-0.3131020513688352
random_all,85,0.08693827537640297,-0.2530805877365938
random_all,86,0.07663612666181141,-0.3143061297302826
random_all,87,0.0864612912570939,-0.29967237477000086
random_all,88,0.10363941333215321,-0.3235010663055802
random_all,89,0.07810369676792983,-0.32879702668057254
random_all,90,0.11010198025703222,-0.2930498758515251
random_all,91,0.08907976838904208,-0.31729125552161064
random_all,92,0.10026964048331788,-0.34876165772377987
random_all,93,0.10494021244835361,-0.33057234418891046
random_all,94,0.11509090299703972,-0.29073079302912774
random_all,95,0.10033554328862704,-0.2913191840092184
random_all,96,0.06387448316240607,-0.34584017668686295
random_all,97,0.07653037575277843,-0.33944810373169887
random_all,98,0.09740140741209857,-0.31646099081600143
random_all,99,0.10585117572902947,-0.2638612442726973
random_all,100,0.10688688455903472,-0.2915957688616675
random_all,101,0.10937310061434458,-0.29202318167192254
random_all,102,0.08420402136272176,-0.3013564323893988
random_all,103,0.1044790599270844,-0.32202042257224683
random_all,104,0.09591487620592298,-0.2925473660834145
random_all,105,0.08599426875430605,-0.34034205545654106
random_all,106,0.08827947818943782,-0.29536755021550043
random_all,107,0.09625385900894257,-0.2716911713062834
random_all,108,0.10630551542715883,-0.32045751117301524
random_all,109,0.08343452087034064,-0.3098618127835461
random_all,110,0.09407269833536303,-0.3721438895984017
random_all,111,0.07962932361360142,-0.3465422986263321
random_all,112,0.06736783172421634,-0.31223670568804907
random_all,113,0.12205545821231123,-0.29771426456018324
random_all,114,0.1471628203502231,-0.30439473691184393
random_all,115,0.0368756356178912,-0.31977370016208606
random_all,116,0.10162173793212714,-0.29798585307712955
random_all,117,0.08025192366016132,-0.3006620753216024
random_all,118,0.10099041197103542,-0.2809971348729319
random_all,119,0.09418811786406422,-0.3733963496221402
random_all,120,0.08524123122489935,-0.2949832681668787
random_all,121,0.08726165325939883,-0.3514091742752228
random_all,122,0.09616036598807165,-0.3053776688583969
random_all,123,0.0816153138372735,-0.3439883586902571
random_all,124,0.12085490811706223,-0.25782870255756607
random_all,125,0.08860559948830238,-0.25975270800365613
random_all,126,0.11440985203183929,-0.3115604674048503
random_all,127,0.10592019337299141,-0.3219073624472695
random_all,128,0.062091829729949755,-0.3348113352894394
random_all,129,0.08328795494694785,-0.3427177042170442
random_all,130,0.072265441805212,-0.37056736577988914
random_all,131,0.06626210917083708,-0.3397621974373076
random_all,132,0.09863985617567561,-0.2642299688711931
random_all,133,0.07761282864228813,-0.3001252725802349
random_all,134,0.07418222822130716,-0.3054048821821158
random_all,135,0.11047477847964848,-0.28767910304202504
random_all,136,0.05820232278881954,-0.37719808950148226
random_all,137,0.07913823654329222,-0.3722963525571419
random_all,138,0.11857974699022988,-0.31085345956974986
random_all,139,0.08941250789089095,-0.2966295276961307
random_all,140,0.0714277827042995,-0.3298559990194512
random_all,141,0.06788273779917753,-0.31390782002054407
random_all,142,0.12881777859577825,-0.3150122581611219
random_all,143,0.10514238422118449,-0.3884948705920084
random_all,144,0.08194463379664607,-0.3015101532808594
random_all,145,0.07996277725363954,-0.268218219297216
random_all,146,0.1124483395351743,-0.2927694335746739
random_all,147,0.08289259564697726,-0.3104068549754194
random_all,148,0.10854854595704966,-0.3067397171259332
random_all,149,0.08389880326198229,-0.3152246110110277
