kind,cost_bps,CAGR,MaxDD,Sharpe,Trades,HitRate,Over2x,Over5x,WorstTrade,AvgWin,AvgLoss,FinalRs,MaxDD_Rs
cost,0,0.26750889276091017,-0.33258727650022,1.3826282510416592,446.0,0.5493273542600897,0.03139013452914798,0.002242152466367713,-0.47001752684998743,0.28302720253020264,-0.10933266574052698,8420952.367088268,-4036440.688801661
cost,25,0.24518781945484514,-0.344209922183661,1.288551679053427,446.0,0.5493273542600897,0.03139013452914798,0.002242152466367713,-0.47001752684998743,0.28302720253020264,-0.10933266574052698,7178036.021089524,-3642242.3611156614
cost,50,0.2232182858521572,-0.35565253124994556,1.1929022724281488,446.0,0.5493273542600897,0.03139013452914798,0.002242152466367713,-0.47001752684998743,0.28302720253020264,-0.10933266574052698,6116704.470106981,-3280283.1251320206
cost,75,0.20159539760473688,-0.3669175517003681,1.0959438840075266,446.0,0.5493273542600897,0.03139013452914798,0.002242152466367713,-0.47001752684998743,0.28302720253020264,-0.10933266574052698,5210702.155533266,-2949041.4313209094
cost,100,0.180314319759592,-0.3785739425746709,0.9979530214655051,446.0,0.5493273542600897,0.03139013452914798,0.002242152466367713,-0.47001752684998743,0.28302720253020264,-0.10933266574052698,4437530.279346794,-2650797.71640742
cost,150,0.13875854874093263,-0.406266276285175,0.8000194164982897,446.0,0.5493273542600897,0.03139013452914798,0.002242152466367713,-0.47001752684998743,0.28302720253020264,-0.10933266574052698,3215349.758035538,-2157353.322580185
cost,200,0.09851345774879916,-0.43283147326958127,0.6014134225187887,446.0,0.5493273542600897,0.03139013452914798,0.002242152466367713,-0.47001752684998743,0.28302720253020264,-0.10933266574052698,2326878.088629875,-1741222.7799021131
cost,300,0.02180979349379597,-0.48274530173453434,0.21102438520169373,446.0,0.5493273542600897,0.03139013452914798,0.002242152466367713,-0.47001752684998743,0.28302720253020264,-0.10933266574052698,1214007.9166570173,-1110987.3931199946
cost,400,-0.05007890559511763,-0.5603799238082858,-0.1578185603325482,446.0,0.5493273542600897,0.03139013452914798,0.002242152466367713,-0.47001752684998743,0.28302720253020264,-0.10933266574052698,630155.0373537536,-726056.4830689066
