kind,top_n,stop,regime,lookback,ma,CAGR,MaxDD,Sharpe,Trades,HitRate,Over2x,Over5x,WorstTrade,AvgWin,AvgLoss,FinalRs,MaxDD_Rs
grid,10,0.2,True,126,100,0.2373066736346061,-0.28509796843770696,1.254153684310628,410.0,0.5585365853658537,0.01707317073170732,0.0024390243902439024,-0.4111306254193984,0.20336729598128306,-0.09832164235863214,6779850.918217383,-1843434.1623081686
grid,10,0.2,True,126,200,0.2720925617575223,-0.2733935572750228,1.3298803139813593,432.0,0.5578703703703703,0.018518518518518517,0.0023148148148148147,-0.4111306254193984,0.21222843050332962,-0.10198573508659121,8698657.93538167,-3109422.600225173
grid,10,0.2,True,189,100,0.2331594574860627,-0.2696671331176218,1.2509244627973324,369.0,0.5555555555555556,0.016260162601626018,0.0027100271002710027,-0.4111306254193984,0.2147733772971304,-0.095369284497225,6578305.742380121,-2126408.8708149176
grid,10,0.2,True,189,200,0.2684250511102757,-0.32407371705889954,1.3242078010475082,371.0,0.5660377358490566,0.0215633423180593,0.0026954177897574125,-0.4133213080384902,0.23999267925620132,-0.10865138760561308,8475819.909570271,-3980449.5713845296
grid,10,0.2,True,252,100,0.23414098938827044,-0.311272344381082,1.2724914964297258,332.0,0.5150602409638554,0.02710843373493976,0.006024096385542169,-0.4111306254193984,0.27915803672397765,-0.09998807152314887,6625518.672344759,-2976096.591108174
grid,10,0.2,True,252,200,0.2847701983315696,-0.3566240711263461,1.3929194458669119,337.0,0.5608308605341247,0.02373887240356083,0.005934718100890208,-0.4111306254193984,0.2656158484849216,-0.10404964009369039,9509612.238151819,-5075718.491655596
grid,10,0.2,False,126,100,0.3026360317699801,-0.3514378827972874,1.319473649454113,547.0,0.5374771480804388,0.018281535648994516,0.0018281535648994515,-0.4111306254193984,0.21265310146583255,-0.10583725461566929,10766429.869814144,-3642900.3654259704
grid,10,0.2,False,126,200,0.31641230311967106,-0.30548365710782255,1.3647518734462136,549.0,0.5500910746812386,0.018214936247723135,0.0018214936247723133,-0.4111306254193984,0.20929027499600766,-0.10808516712354362,11834179.825948996,-3925951.2078176923
grid,10,0.2,False,189,100,0.3026454629590962,-0.394261793445597,1.3225186804303715,497.0,0.5492957746478874,0.018108651911468814,0.002012072434607646,-0.4111306254193984,0.22455821242802748,-0.10869492089360912,10767130.531386957,-4519289.951670077
grid,10,0.2,False,189,200,0.29737594443606286,-0.3802839645507883,1.3038639261985592,476.0,0.5504201680672269,0.018907563025210083,0.0021008403361344537,-0.4133213080384902,0.23660096721373314,-0.11672575882705984,10381902.620956888,-5276533.3558145985
grid,10,0.2,False,252,100,0.28536393318531506,-0.39151004490455243,1.260755827912843,444.0,0.5,0.02252252252252252,0.0045045045045045045,-0.4111306254193984,0.2723582865195967,-0.1025365969277733,9549186.45410048,-5901233.85525099
grid,10,0.2,False,252,200,0.33294366594221336,-0.3918064063107505,1.427202059955591,412.0,0.5315533980582524,0.021844660194174758,0.0048543689320388345,-0.4111306254193984,0.281912836288686,-0.10906204517343754,13238959.818144524,-8359278.943412207
grid,10,0.3,True,126,100,0.26208891961924063,-0.26867572731264056,1.3177692299103294,391.0,0.5601023017902813,0.020460358056265986,0.005115089514066497,-0.47001752684998743,0.227711846591621,-0.09754748169716917,8102766.35367024,-1933298.36849585
grid,10,0.3,True,126,200,0.29572955400832357,-0.28575578385901845,1.3826240433364354,404.0,0.5618811881188119,0.022277227722772276,0.0049504950495049506,-0.47001752684998743,0.24010944574293303,-0.10447174970934617,10264081.206813289,-3355027.9434851333
grid,10,0.3,True,189,100,0.2511909630573108,-0.27032373295791456,1.285400523631686,351.0,0.5698005698005698,0.014245014245014245,0.005698005698005698,-0.47001752684998743,0.23545545150127312,-0.09817865141870158,7495143.399073504,-2013821.9093129886
grid,10,0.3,True,189,200,0.27896634483951077,-0.3085003049143106,1.3130664563528327,342.0,0.5818713450292398,0.02046783625730994,0.005847953216374269,-0.47001752684998743,0.2649494768907995,-0.11653089801201098,9130375.728159955,-3989864.8391492553
grid,10,0.3,True,252,100,0.2561812582865919,-0.31935557614015997,1.3198191751710389,313.0,0.5175718849840255,0.02875399361022364,0.003194888178913738,-0.47001752684998743,0.30903322677074613,-0.10108602886732763,7768161.164017218,-3644789.404159122
grid,10,0.3,True,252,200,0.3066017334318585,-0.3652693970015336,1.4197858440437687,300.0,0.5766666666666667,0.02666666666666667,0.0033333333333333335,-0.47001752684998743,0.29783261526459426,-0.11023264797996692,11064649.041566081,-6075545.727431387
grid,10,0.3,False,126,100,0.34651383774152333,-0.31723502638672063,1.419902410586889,505.0,0.5524752475247525,0.02178217821782178,0.0039603960396039604,-0.47001752684998743,0.2392283649987007,-0.10566899108129138,14500864.962439429,-4745881.360979682
grid,10,0.3,False,126,200,0.3511362730678653,-0.29840689507203355,1.430132743196987,497.0,0.5653923541247485,0.022132796780684104,0.004024144869215292,-0.47001752684998743,0.24071160229897554,-0.11166934033881779,14954489.164250618,-4760396.480203459
grid,10,0.3,False,189,100,0.3352223500861806,-0.3463449535226192,1.3816423880849775,462.0,0.5735930735930735,0.015151515151515152,0.004329004329004329,-0.47001752684998743,0.23961569604249539,-0.1122925127075203,13443780.56533928,-5246337.556235924
grid,10,0.3,False,189,200,0.3140403047870364,-0.3398659223160253,1.307863757868775,421.0,0.5771971496437055,0.0166270783847981,0.004750593824228029,-0.47001752684998743,0.2688562438452787,-0.12801577425079674,11643889.137454446,-5413115.865411989
grid,10,0.3,False,252,100,0.3273263111339453,-0.39030916201751054,1.3547318961292985,403.0,0.5086848635235732,0.02977667493796526,0.004962779156327543,-0.47001752684998743,0.3047294146616991,-0.1031679300235852,12745837.52471167,-7837082.370280711
grid,10,0.3,False,252,200,0.37054262302800267,-0.3796292813176354,1.4896993591677496,348.0,0.5517241379310345,0.031609195402298854,0.0028735632183908046,-0.47001752684998743,0.3013507900013926,-0.1148989240316876,16999652.90223146,-10160119.245019123
grid,10,0.4,True,126,100,0.2745493079175787,-0.24843292093714509,1.3610630266129817,388.0,0.5695876288659794,0.020618556701030927,0.005154639175257732,-0.47001752684998743,0.22542377795751697,-0.0969301848126018,8850827.114189962,-2111783.6641002875
grid,10,0.4,True,126,200,0.31222500005591947,-0.2902032567051742,1.4335879235402418,398.0,0.5728643216080402,0.022613065326633167,0.005025125628140704,-0.47001752684998743,0.23864745526843664,-0.10351611434723836,11500100.585379267,-3658906.9709171336
grid,10,0.4,True,189,100,0.2631429642108849,-0.24989673829993475,1.3310104628279202,348.0,0.5747126436781609,0.014367816091954023,0.005747126436781609,-0.47001752684998743,0.2339511989241997,-0.09486174663015937,8163794.772100001,-2140311.3956818916
grid,10,0.4,True,189,200,0.29460199792373354,-0.2903428215198878,1.36671839922677,336.0,0.5863095238095238,0.020833333333333332,0.005952380952380952,-0.47001752684998743,0.2659759961367823,-0.11213864585800969,10184076.515647061,-3900277.516258033
grid,10,0.4,True,252,100,0.2690591608165138,-0.291000166060993,1.367002544857227,309.0,0.5242718446601942,0.02912621359223301,0.003236245954692557,-0.47001752684998743,0.31086537433917094,-0.09909176873685717,8513981.748820486,-3494457.945049621
grid,10,0.4,True,252,200,0.31923617475780874,-0.3409965287373875,1.4588593435988302,295.0,0.5796610169491525,0.02711864406779661,0.003389830508474576,-0.47001752684998743,0.3033023154196653,-0.10743600757224489,12064321.640589345,-5861735.43124567
grid,10,0.4,False,126,100,0.3697251765827294,-0.32571634225055834,1.482494446557134,499.0,0.561122244488978,0.022044088176352707,0.004008016032064128,-0.47001752684998743,0.23987995823177424,-0.10501867154811946,16908734.234055914,-5452522.135145847
grid,10,0.4,False,126,200,0.37850020220990777,-0.3039108846983466,1.4993552718749694,489.0,0.5746421267893661,0.022494887525562373,0.00408997955010225,-0.47001752684998743,0.2422263185329652,-0.11033489033432102,17907682.594556794,-5626201.619564962
grid,10,0.4,False,189,100,0.36053518131585616,-0.3330221524324365,1.4544889282473867,456.0,0.5767543859649122,0.015350877192982455,0.0043859649122807015,-0.47001752684998743,0.2413853577830258,-0.10741380830781976,15915935.076448863,-5938155.692945208
grid,10,0.4,False,189,200,0.3405521685365296,-0.3394645737141101,1.380274338376185,411.0,0.583941605839416,0.0170316301703163,0.004866180048661801,-0.47001752684998743,0.2717295843174143,-0.12369476625526862,13933891.33890608,-5669653.578563692
grid,10,0.4,False,252,100,0.3504270894016446,-0.3567527286399871,1.4202795905500372,395.0,0.5139240506329114,0.030379746835443037,0.005063291139240506,-0.47001752684998743,0.3097454594514502,-0.09953447269824332,14884084.490913192,-7928635.154236849
grid,10,0.4,False,252,200,0.38999989366938737,-0.3620174837371207,1.535074885675533,337.0,0.5608308605341247,0.02967359050445104,0.002967359050445104,-0.47001752684998743,0.2962537009685533,-0.11211520021699208,19296067.187496286,-10689249.974001944
grid,10,10.0,True,126,100,0.27231871010802466,-0.24843292093714509,1.350327146762173,388.0,0.5695876288659794,0.020618556701030927,0.005154639175257732,-0.4865921707776242,0.22542377795751697,-0.09811266698664911,8712567.579579316,-2078795.3091330118
grid,10,10.0,True,126,200,0.3097982163100643,-0.29156593241843276,1.4230821844830568,398.0,0.5728643216080402,0.022613065326633167,0.005025125628140704,-0.4865921707776242,0.23864745526843664,-0.10472506054946037,11310343.046060786,-3598533.1352065895
grid,10,10.0,True,189,100,0.2633066774105881,-0.24989673829993475,1.331750643366217,348.0,0.5747126436781609,0.014367816091954023,0.005747126436781609,-0.4865921707776242,0.2339511989241997,-0.09477452222267216,8173310.209577726,-2142806.0687888283
grid,10,10.0,True,189,200,0.29399866296455346,-0.29271710767404546,1.3634357465503046,336.0,0.5863095238095238,0.020833333333333332,0.005952380952380952,-0.4865921707776242,0.2651808888762647,-0.11185725870390824,10141495.478086265,-3883969.9145661034
grid,10,10.0,True,252,100,0.2691998017945556,-0.2910001660609933,1.3677900449306906,309.0,0.5242718446601942,0.02912621359223301,0.003236245954692557,-0.4865921707776242,0.31086537433917094,-0.09900395096605374,8522466.431971475,-3497940.377749499
grid,10,10.0,True,252,200,0.3176524131099241,-0.34099652873738695,1.4523778566433119,295.0,0.5796610169491525,0.02711864406779661,0.003389830508474576,-0.4865921707776242,0.3027953175605089,-0.1079078732703091,11934762.161022913,-5798785.900020191
grid,10,10.0,False,126,100,0.3684876854568466,-0.326967625654461,1.4773542729996452,499.0,0.561122244488978,0.022044088176352707,0.004008016032064128,-0.4865921707776242,0.23987995823177424,-0.10552705129651038,16771919.240223337,-5408403.706648136
grid,10,10.0,False,126,200,0.3784235603754522,-0.3052472443543267,1.4969342419592406,489.0,0.5746421267893661,0.022494887525562373,0.00408997955010225,-0.4865921707776242,0.2422263185329652,-0.11062953010939723,17898735.48692232,-5623390.6343245525
grid,10,10.0,False,189,100,0.35962789155831976,-0.3330221524324367,1.4515949304480644,456.0,0.5767543859649122,0.015350877192982455,0.0043859649122807015,-0.4865921707776242,0.240999787393163,-0.10749968729190078,15820788.639005793,-5902657.033491518
grid,10,10.0,False,189,200,0.34144224885920904,-0.33820203840519714,1.380944637669499,411.0,0.583941605839416,0.0170316301703163,0.004866180048661801,-0.4865921707776242,0.27101564886349705,-0.12304314633225981,14017269.163632344,-5703579.735358929
grid,10,10.0,False,252,100,0.35425034155146706,-0.3567527286399882,1.4306721800066577,395.0,0.5139240506329114,0.027848101265822784,0.005063291139240506,-0.4865921707776242,0.30908599141234894,-0.09811951600405167,15267156.334728353,-8132694.523110095
grid,10,10.0,False,252,200,0.39473348317088774,-0.3620174837371203,1.5457372085727779,337.0,0.5608308605341247,0.026706231454005934,0.002967359050445104,-0.4865921707776242,0.29554538344507414,-0.11007432741248617,19894808.49958214,-11020928.729701668
grid,15,0.2,True,126,100,0.22479737864276017,-0.2442053517001529,1.2991215880327676,585.0,0.5606837606837607,0.011965811965811967,0.003418803418803419,-0.4064113347220648,0.19994799306465907,-0.09455582101209821,6188045.95090421,-1870901.1229842464
grid,15,0.2,True,126,200,0.26758454047973235,-0.28657704708314946,1.4162081327936427,611.0,0.563011456628478,0.01309328968903437,0.0032733224222585926,-0.4064113347220648,0.21511607197140586,-0.1005302703242713,8425470.82477897,-3239084.575452864
grid,15,0.2,True,189,100,0.22617440986153658,-0.24269845565079518,1.3119830163824215,549.0,0.5646630236794171,0.014571948998178506,0.0018214936247723133,-0.4111306254193984,0.2000332692181049,-0.09604602443825262,6250861.145588353,-1800216.7485105246
grid,15,0.2,True,189,200,0.2514213850426328,-0.3195165492299027,1.3330186173943752,559.0,0.5831842576028623,0.016100178890876567,0.0017889087656529517,-0.4111306254193984,0.21334779476941806,-0.10883153010722982,7507559.361689318,-3421449.9183364287
grid,15,0.2,True,252,100,0.22656088174596878,-0.2541582479578215,1.3442714541650587,505.0,0.5168316831683168,0.023762376237623763,0.0039603960396039604,-0.4111306254193984,0.25239042044955706,-0.09270528867281402,6268592.134568165,-2117697.3907136777
grid,15,0.2,True,252,200,0.22474571620190464,-0.34591413224039436,1.2512936994779789,498.0,0.5281124497991968,0.028112449799196786,0.004016064257028112,-0.4111306254193984,0.25924609612300553,-0.10359380810403032,6185700.255085122,-3169328.5257459693
grid,15,0.2,False,126,100,0.29527303795136217,-0.3102852532338022,1.384395263658913,754.0,0.5371352785145889,0.014588859416445624,0.002652519893899204,-0.4064113347220648,0.21676583838937885,-0.1035125092491552,10231622.490253333,-3466096.24724032
grid,15,0.2,False,126,200,0.31641714904204754,-0.3104671475504751,1.460073502851105,773.0,0.5523932729624839,0.014230271668822769,0.00258732212160414,-0.4064113347220648,0.21161360912513008,-0.10435971725414254,11834571.396235298,-3689044.520261459
grid,15,0.2,False,189,100,0.2990213027060018,-0.32861938410990643,1.4091045221860936,703.0,0.5647226173541963,0.015647226173541962,0.001422475106685633,-0.4111306254193984,0.2107460975740946,-0.10658372820820038,10500849.510994349,-4014004.5362509172
grid,15,0.2,False,189,200,0.2920455860286888,-0.34608776109205364,1.3674136542572684,678.0,0.5707964601769911,0.016224188790560472,0.0014749262536873156,-0.4111306254193984,0.21814074837374553,-0.11551681380713524,10004737.92219173,-4164011.5579349566
grid,15,0.2,False,252,100,0.2819637435197495,-0.37232940842700646,1.3609175276463055,642.0,0.514018691588785,0.021806853582554516,0.003115264797507788,-0.4111306254193984,0.2563613300663387,-0.10138625565082997,9324519.3847718,-4393844.454885012
grid,15,0.2,False,252,200,0.2657284994823874,-0.3645838560344431,1.2952325478858941,596.0,0.5067114093959731,0.02348993288590604,0.003355704697986577,-0.4111306254193984,0.27502439625945835,-0.10749658294424623,8315228.904140209,-4486209.80146392
grid,15,0.3,True,126,100,0.25047697797541524,-0.22226133481979227,1.3690044409812256,564.0,0.5638297872340425,0.014184397163120567,0.0035460992907801418,-0.4657701649336575,0.22733002319455703,-0.0932961380764648,7456787.12068487,-2036649.5851633232
grid,15,0.3,True,126,200,0.3001892710460603,-0.25931542382720574,1.5012505921549073,576.0,0.5746527777777778,0.015625,0.003472222222222222,-0.4657701649336575,0.24321440466475908,-0.10077348559606444,10586018.208374077,-3553018.0357284937
grid,15,0.3,True,189,100,0.24341773417690127,-0.2304143106779123,1.3449683670053998,524.0,0.5648854961832062,0.015267175572519083,0.003816793893129771,-0.47001752684998743,0.2204554460414395,-0.09445196960812371,7086838.946383203,-1853130.4283002699
grid,15,0.3,True,189,200,0.26475169437157864,-0.3108302386828661,1.335996478294213,515.0,0.5883495145631068,0.017475728155339806,0.003883495145631068,-0.47001752684998743,0.23657168147095448,-0.11153665421543747,8257726.780142054,-3614874.1385976113
grid,15,0.3,True,252,100,0.24866805443223972,-0.24769012619894504,1.3959974269102493,478.0,0.5292887029288703,0.027196652719665274,0.0020920502092050207,-0.47001752684998743,0.27209160362129464,-0.09464889948645228,7360388.948552007,-2418824.1090454236
grid,15,0.3,True,252,200,0.24518781945484514,-0.344209922183661,1.288551679053427,446.0,0.5493273542600897,0.03139013452914798,0.002242152466367713,-0.47001752684998743,0.28302720253020264,-0.10933266574052698,7178036.021089524,-3642242.3611156614
grid,15,0.3,False,126,100,0.34361890045491217,-0.2743382982457676,1.5054198871229822,700.0,0.5514285714285714,0.018571428571428572,0.002857142857142857,-0.4657701649336575,0.25245660882505594,-0.1021834609958029,14223036.864455696,-4316364.589521602
grid,15,0.3,False,126,200,0.36694268873428126,-0.27518592533357344,1.5791308936512196,700.0,0.5742857142857143,0.018571428571428572,0.002857142857142857,-0.4657701649336575,0.24746853906031444,-0.10465493075579295,16602488.410713298,-4783213.961412098
grid,15,0.3,False,189,100,0.33042867129520426,-0.2928046961115396,1.4711913334718396,653.0,0.5788667687595712,0.016845329249617153,0.0030627871362940277,-0.47001752684998743,0.2252690927665274,-0.10613294486692021,13016121.99115796,-4809726.1024824325
grid,15,0.3,False,189,200,0.31655297897767,-0.3077301181799239,1.3990501432673792,602.0,0.5980066445182725,0.018272425249169437,0.0033222591362126247,-0.47001752684998743,0.242019647723979,-0.12178228146607997,11845551.694717232,-4491924.540138993
grid,15,0.3,False,252,100,0.32150830008518416,-0.3327926258631567,1.4544057451020886,585.0,0.535042735042735,0.02905982905982906,0.003418803418803419,-0.47001752684998743,0.2829823469478564,-0.10566275845203969,12252375.650543008,-5551913.301912533
grid,15,0.3,False,252,200,0.3047715430250091,-0.3390859239261781,1.384547863090078,506.0,0.5335968379446641,0.029644268774703556,0.003952569169960474,-0.47001752684998743,0.30033401166329166,-0.11195611690968224,10926119.400436753,-5497578.615117161
grid,15,0.4,True,126,100,0.2599434805850338,-0.22384259528674588,1.4017459468642328,561.0,0.5704099821746881,0.0142602495543672,0.0035650623885918,-0.4657701649336575,0.2265829021153328,-0.09304921801934385,7979798.068851521,-1981003.858212565
grid,15,0.4,True,126,200,0.31303697151170695,-0.23572716123131687,1.5385173058114388,570.0,0.5824561403508772,0.015789473684210527,0.0035087719298245615,-0.4657701649336575,0.24296873229129315,-0.09995063222139418,11564219.82010725,-3401139.65894562
grid,15,0.4,True,189,100,0.2530288890578112,-0.21606391282543158,1.3833716983320505,520.0,0.5692307692307692,0.015384615384615385,0.0038461538461538464,-0.47001752684998743,0.21986971808238454,-0.09211366285190939,7594687.234270129,-1888370.7449252522
grid,15,0.4,True,189,200,0.2747175786919398,-0.2849977677490879,1.370023034322023,508.0,0.59251968503937,0.017716535433070866,0.003937007874015748,-0.47001752684998743,0.23777434647564435,-0.10955388939135352,8861335.731888343,-3428221.505114423
grid,15,0.4,True,252,100,0.25849470656754314,-0.2320369373737763,1.4332412407185058,474.0,0.5337552742616034,0.027426160337552744,0.002109704641350211,-0.47001752684998743,0.2728847218399685,-0.09234782383287905,7897700.881016897,-2370531.5046023754
grid,15,0.4,True,252,200,0.25696183110472615,-0.3287193135386507,1.329816150984591,438.0,0.5525114155251142,0.0319634703196347,0.00228310502283105,-0.47001752684998743,0.28805570274216674,-0.1071594791442326,7811656.04121442,-3657953.1757594207
grid,15,0.4,False,126,100,0.3639909068040974,-0.27252286602539255,1.5617703288017248,694.0,0.5561959654178674,0.018731988472622477,0.002881844380403458,-0.4657701649336575,0.2543847350864359,-0.10046958641248836,16283007.663868716,-4895917.036638826
grid,15,0.4,False,126,200,0.3901513085457218,-0.2682275945123821,1.6365151033574163,691.0,0.5803183791606368,0.01881331403762663,0.002894356005788712,-0.4657701649336575,0.25046291540054255,-0.10322570368882396,19314968.510554012,-5515945.07115579
grid,15,0.4,False,189,100,0.3517354878744996,-0.28051815409575065,1.5361919928294652,646.0,0.5851393188854489,0.017027863777089782,0.0030959752321981426,-0.47001752684998743,0.22525620648908254,-0.10192626190351758,15014207.134271448,-5375982.128906136
grid,15,0.4,False,189,200,0.3356073204704981,-0.3003697686345419,1.4502863158040469,591.0,0.6057529610829103,0.018612521150592216,0.00338409475465313,-0.47001752684998743,0.2434605922431505,-0.11895795407317347,13478660.5256351,-4628300.910108797
grid,15,0.4,False,252,100,0.3386073222014627,-0.3249114403975937,1.5050863151954603,576.0,0.5381944444444444,0.029513888888888888,0.003472222222222222,-0.47001752684998743,0.2869120453377294,-0.10239429458497606,13753240.79662425,-5581498.220214145
grid,15,0.4,False,252,200,0.3225035947143644,-0.3275678156875975,1.4338549947220296,492.0,0.5386178861788617,0.03048780487804878,0.0040650406504065045,-0.47001752684998743,0.3014060999016858,-0.1088218065504043,12335569.171884546,-5892314.598008024
grid,15,10.0,True,126,100,0.2587240452116144,-0.22384259528674588,1.3951204725588267,561.0,0.5704099821746881,0.0142602495543672,0.0035650623885918,-0.4824776406339688,0.2265829021153328,-0.09374682589736395,7910646.514752378,-1963836.8203640142
grid,15,10.0,True,126,200,0.31168523568350337,-0.23609425590428512,1.532084011736599,570.0,0.5824561403508772,0.015789473684210527,0.0035087719298245615,-0.4824776406339688,0.24296873229129315,-0.1006974856397522,11457651.847774347,-3369797.072700018
grid,15,10.0,True,189,100,0.2531232330608193,-0.21606391282543158,1.3839636557185084,520.0,0.5692307692307692,0.015384615384615385,0.0038461538461538464,-0.4865921707776242,0.21986971808238454,-0.09205603243981964,7599828.551207965,-1889649.1007279754
grid,15,10.0,True,189,200,0.27431628643755257,-0.2849977677490876,1.367595926338164,508.0,0.59251968503937,0.017716535433070866,0.003937007874015748,-0.4865921707776242,0.23725396066062118,-0.10936539965781059,8836293.062194685,-3418533.1441960577
grid,15,10.0,True,252,100,0.2585944911270597,-0.23203693737377706,1.4338247330024807,474.0,0.5337552742616034,0.027426160337552744,0.002109704641350211,-0.4865921707776242,0.2728847218399685,-0.09228941110750302,7903331.17189895,-2372221.462492289
grid,15,10.0,True,252,200,0.2558874638775459,-0.32871931353865,1.3249275589831024,438.0,0.5525114155251142,0.0319634703196347,0.00228310502283105,-0.4865921707776242,0.2876974521887959,-0.10759010958797681,7751846.263287979,-3629946.135260798
grid,15,10.0,False,126,100,0.3628280730760547,-0.27202617174008625,1.5562117961093682,694.0,0.5561959654178674,0.018731988472622477,0.002881844380403458,-0.4824776406339688,0.2543847350864359,-0.10092404043026351,16158658.456960538,-4858528.157805013
grid,15,10.0,False,126,200,0.3899869565232501,-0.2734211023101035,1.632544441569584,691.0,0.5803183791606368,0.01881331403762663,0.002894356005788712,-0.4824776406339688,0.25046291540054255,-0.10343202994823111,19294452.988649115,-5510086.273515433
grid,15,10.0,False,189,100,0.3513069514041889,-0.2841744310105365,1.5340579320040528,646.0,0.5851393188854489,0.015479876160990712,0.0030959752321981426,-0.4865921707776242,0.22490204772734293,-0.10185572177292249,14971477.49164701,-5360682.366949396
grid,15,10.0,False,189,200,0.33557676452270013,-0.3019614935990713,1.4477392212107454,591.0,0.6057529610829103,0.01692047377326565,0.00338409475465313,-0.4865921707776242,0.24289128635392204,-0.11868017964075858,13475889.090763986,-4627349.255119616
grid,15,10.0,False,252,100,0.3411473580115294,-0.31378633285294155,1.5121177870302764,576.0,0.5381944444444444,0.027777777777777776,0.003472222222222222,-0.4865921707776242,0.28648020013793085,-0.1013542008493591,13989596.428778714,-5677418.778845847
grid,15,10.0,False,252,200,0.325421523083709,-0.3275678156875975,1.4411947296657002,492.0,0.5386178861788617,0.028455284552845527,0.0040650406504065045,-0.4865921707776242,0.3009009224981479,-0.10760525608937797,12582370.612817105,-6010203.9076096285
grid,25,0.2,True,126,100,0.21614353058432823,-0.24428109890856764,1.3544365297892127,913.0,0.5509309967141293,0.012048192771084338,0.002190580503833516,-0.4064113347220648,0.1992741238987863,-0.09264177701809878,5805967.931038963,-1536511.4530113693
grid,25,0.2,True,126,200,0.23232563420426144,-0.2873207185884099,1.3550164661937425,944.0,0.5635593220338984,0.011652542372881356,0.00211864406779661,-0.4064113347220648,0.20401612534663688,-0.09930786485755128,6538432.932717728,-2549321.219227153
grid,25,0.2,True,189,100,0.19555323794506307,-0.2557530933360451,1.275563301734916,836.0,0.5251196172248804,0.019138755980861243,0.0023923444976076554,-0.4111306254193984,0.21983520235010987,-0.09283043812448406,4979866.478090344,-1388790.7406984763
grid,25,0.2,True,189,200,0.22764984809160183,-0.31906577894340826,1.3571405803779786,823.0,0.5674362089914945,0.018226002430133656,0.002430133657351154,-0.4111306254193984,0.2216441813844475,-0.10239146784596961,6318793.616007563,-2863861.7034854963
grid,25,0.2,True,252,100,0.23698565946431538,-0.23613445419642243,1.5225801880492962,823.0,0.5394896719319563,0.020656136087484813,0.002430133657351154,-0.4111306254193984,0.232863488934039,-0.08751509004401037,6764056.71792231,-1844889.5428763172
grid,25,0.2,True,252,200,0.24783318971664325,-0.323456866203078,1.480491888085797,796.0,0.5703517587939698,0.02386934673366834,0.0037688442211055275,-0.4111306254193984,0.23639669937681365,-0.09777448065651663,7316273.470358014,-3387446.125091752
grid,25,0.2,False,126,100,0.2721445438816068,-0.30862950495805586,1.3988888445930971,1154.0,0.5441941074523396,0.010398613518197574,0.0017331022530329288,-0.4064113347220648,0.2090603815502434,-0.10092578859567083,8701853.437460497,-2571182.6602869146
grid,25,0.2,False,126,200,0.2901038126414075,-0.27832731466092286,1.4695581015844275,1151.0,0.5699391833188532,0.010425716768027803,0.0017376194613379669,-0.4064113347220648,0.20406725793169997,-0.1071284476800765,9870399.130820319,-3005775.6028080117
grid,25,0.2,False,189,100,0.2508294588047959,-0.30480507370935495,1.3432192347353187,1041.0,0.5120076849183477,0.01729106628242075,0.0019212295869356388,-0.4111306254193984,0.23497200554508502,-0.0968766051671764,7475701.025905218,-2320809.463768795
grid,25,0.2,False,189,200,0.26656597886686906,-0.3087456903563338,1.4002399487506287,983.0,0.5452695829094608,0.017293997965412006,0.002034587995930824,-0.4111306254193984,0.23636698051425928,-0.10701898923516528,8364812.318744658,-3134681.18405719
grid,25,0.2,False,252,100,0.28748966928811615,-0.3056293707440373,1.5182206280467803,1007.0,0.5143992055610725,0.020854021847070508,0.0029791459781529296,-0.4111306254193984,0.2554086319240323,-0.09368001827458636,9692076.051027153,-2866646.228226021
grid,25,0.2,False,252,200,0.29600685048234165,-0.2943786034233088,1.5447818973769047,930.0,0.5408602150537635,0.025806451612903226,0.0032258064516129032,-0.4111306254193984,0.2596498209994785,-0.1020780934879872,10283841.890931154,-4172364.327183349
grid,25,0.3,True,126,100,0.23851189011635365,-0.22292197020877869,1.4191863055283283,884.0,0.5588235294117647,0.012443438914027148,0.0022624434389140274,-0.4657701649336575,0.2182289088935822,-0.09134857042179112,6839441.6498516705,-1646001.625342114
grid,25,0.3,True,126,200,0.2598805620997662,-0.26447756116083976,1.4355030211865076,888.0,0.581081081081081,0.012387387387387387,0.0022522522522522522,-0.4657701649336575,0.22289605856767206,-0.09903010710822215,7976216.996200532,-2773754.006890636
grid,25,0.3,True,189,100,0.21554903576926687,-0.24816592214746525,1.328328146893091,796.0,0.5314070351758794,0.022613065326633167,0.002512562814070352,-0.47001752684998743,0.24194803526213718,-0.09424221041656135,5780507.209565279,-1483024.8233808493
grid,25,0.3,True,189,200,0.24911890856620245,-0.30225327604344976,1.400502174266942,744.0,0.5698924731182796,0.025537634408602152,0.002688172043010753,-0.47001752684998743,0.2510478532931764,-0.10183853673777181,7384310.9151756065,-3094040.4701970425
grid,25,0.3,True,252,100,0.25541382441708005,-0.22078601941601583,1.564280923964299,785.0,0.5490445859872611,0.022929936305732482,0.0025477707006369425,-0.47001752684998743,0.2504256536164491,-0.08810285964422468,7725608.377006999,-1942730.227152354
grid,25,0.3,True,252,200,0.2667557559849605,-0.314700719024246,1.5124666885088867,721.0,0.5894590846047156,0.026352288488210817,0.004160887656033287,-0.47001752684998743,0.260508389209365,-0.10229533319534764,8376084.625902093,-3724947.003025066
grid,25,0.3,False,126,100,0.30914412359538335,-0.2810401682992709,1.4965454413542763,1082.0,0.5591497227356746,0.012939001848428836,0.0018484288354898336,-0.4657701649336575,0.22686693594029939,-0.09970619283453487,11259676.040386375,-2900874.6735430956
grid,25,0.3,False,126,200,0.3294894358137843,-0.2652039251748627,1.5656189523188322,1041.0,0.595581171950048,0.012487992315081652,0.0019212295869356388,-0.4657701649336575,0.2239699115555497,-0.1069426467874177,12933761.135719592,-3366036.558498239
grid,25,0.3,False,189,100,0.2834006618638387,-0.28700226203603685,1.4258685434349907,962.0,0.5301455301455301,0.02286902286902287,0.002079002079002079,-0.47001752684998743,0.2552814819207751,-0.09903734312669396,9418883.855272736,-2667012.230179442
grid,25,0.3,False,189,200,0.3033191334270908,-0.27232710816608785,1.4862032454584402,844.0,0.5639810426540285,0.027251184834123223,0.002369668246445498,-0.47001752684998743,0.2741122000090205,-0.10794563581537157,10817283.789706992,-3587120.047638677
grid,25,0.3,False,252,100,0.31713228281941475,-0.28228492745159817,1.5852492495206818,929.0,0.5296017222820237,0.02583423035522067,0.0032292787944025836,-0.47001752684998743,0.2795865857245341,-0.0957294452585076,11892483.515560335,-3354396.885953076
grid,25,0.3,False,252,200,0.32794854056098965,-0.2732846006592706,1.6098873467171215,800.0,0.565,0.02875,0.00375,-0.47001752684998743,0.283574197023734,-0.1054842628298468,12799644.079178222,-4656534.5751600005
grid,25,0.4,True,126,100,0.2449431015450254,-0.21183204602905292,1.4421153394566004,881.0,0.5629965947786606,0.012485811577752554,0.0022701475595913734,-0.4657701649336575,0.21782779231547753,-0.09075637365002098,7165366.030507183,-1616363.0448455857
grid,25,0.4,True,126,200,0.2677651023812646,-0.24625062018767785,1.4579835184481535,881.0,0.5856980703745743,0.012485811577752554,0.0022701475595913734,-0.4657701649336575,0.22357318587960404,-0.09868459209075356,8436264.544292927,-2665499.6632094784
grid,25,0.4,True,189,100,0.2231385878405472,-0.23728086593871045,1.3578609370278927,792.0,0.5366161616161617,0.022727272727272728,0.0025252525252525255,-0.49153333447215053,0.24152841636066516,-0.09282166778882642,6113123.269412586,-1510053.2378578102
grid,25,0.4,True,189,200,0.25774621386134555,-0.28288106919944134,1.4264488337470602,732.0,0.575136612021858,0.025956284153005466,0.00273224043715847,-0.49153333447215053,0.25303476329126334,-0.09991495609075593,7855581.106754391,-2997324.8854171857
grid,25,0.4,True,252,100,0.2617645376361002,-0.21203322868347996,1.5848858328927675,781.0,0.5544174135723432,0.023047375160051217,0.002560819462227913,-0.47001752684998743,0.2501883302764534,-0.0873482177897078,8084066.640587727,-1962316.313675683
grid,25,0.4,True,252,200,0.2765602277179513,-0.29561938454987435,1.543755904019601,711.0,0.5949367088607594,0.026722925457102673,0.004219409282700422,-0.47001752684998743,0.2625513925642209,-0.10038021051548715,8977138.035209872,-3648589.4544012304
grid,25,0.4,False,126,100,0.32344125135634383,-0.2640742119430317,1.5387175197675305,1074.0,0.5614525139664804,0.01303538175046555,0.00186219739292365,-0.4657701649336575,0.22979306193755453,-0.0982628193921169,12414403.792788422,-2947323.432877723
grid,25,0.4,False,126,200,0.3455180137904623,-0.2552200362660385,1.6074532775250714,1029.0,0.5996112730806609,0.012633624878522837,0.001943634596695821,-0.4657701649336575,0.22752936518734856,-0.10568732501111655,14404756.029621745,-3410443.500307046
grid,25,0.4,False,189,100,0.2978953136180451,-0.27099998103145084,1.473571822874151,951.0,0.5362776025236593,0.023133543638275498,0.002103049421661409,-0.49153333447215053,0.256454061126544,-0.0970401316453422,10419319.060348643,-2880893.5027012993
grid,25,0.4,False,189,200,0.31760717329050614,-0.271165970944947,1.5233369481648151,828.0,0.572463768115942,0.027777777777777776,0.0024154589371980675,-0.49153333447215053,0.27567038117639187,-0.10573986134589111,11931079.558286158,-3625102.864447262
grid,25,0.4,False,252,100,0.3298069555424652,-0.2682692832544732,1.6242250292067806,920.0,0.533695652173913,0.02608695652173913,0.003260869565217391,-0.47001752684998743,0.28119166920522193,-0.09350379889896032,12961552.229189625,-3573767.535901377
grid,25,0.4,False,252,200,0.3407350735430028,-0.26879110297101494,1.6394142495024147,783.0,0.5734355044699873,0.0280970625798212,0.0038314176245210726,-0.47001752684998743,0.282440989311911,-0.10400998264695109,13950988.800537923,-4884994.887798952
grid,25,10.0,True,126,100,0.24481612408963582,-0.21183204602905292,1.4398441761437997,881.0,0.5629965947786606,0.012485811577752554,0.0022701475595913734,-0.4824776406339688,0.21782779231547753,-0.09097022061191846,7158799.752954273,-1614881.8241607575
grid,25,10.0,True,126,200,0.26779894129900006,-0.24625062018767796,1.4564811135674012,881.0,0.5856980703745743,0.012485811577752554,0.0022701475595913734,-0.4853159729632157,0.22357318587960404,-0.09883714696792406,8438288.750821123,-2666139.2261097245
grid,25,10.0,True,189,100,0.22298485997893525,-0.23728086593871045,1.3571625331605843,792.0,0.5366161616161617,0.022727272727272728,0.0025252525252525255,-0.5192850920034848,0.24152841636066516,-0.09289662850124589,6106220.828101782,-1508348.2086295132
grid,25,10.0,True,189,200,0.2573582702543593,-0.2828810691994419,1.4242293120357912,732.0,0.575136612021858,0.025956284153005466,0.00273224043715847,-0.5192850920034848,0.25266270597458407,-0.09990313972175349,7833829.088007888,-2989025.3253705287
grid,25,10.0,True,252,100,0.26107383009400653,-0.21203322868347996,1.580550163764869,781.0,0.5544174135723432,0.023047375160051217,0.002560819462227913,-0.4865921707776242,0.2501883302764534,-0.08783094959094391,8044377.012929024,-1952682.1026651831
grid,25,10.0,True,252,200,0.2754860880500425,-0.29400052050808556,1.5373816282785193,711.0,0.5949367088607594,0.026722925457102673,0.004219409282700422,-0.4865921707776242,0.2625682545704252,-0.10130140303670984,8909470.739061106,-3592999.914953336
grid,25,10.0,False,126,100,0.3245359400459409,-0.2640742119430317,1.5399823620643616,1074.0,0.5614525139664804,0.012104283054003724,0.00186219739292365,-0.4853159729632157,0.22957105196750888,-0.09792764145998833,12507007.357571708,-2969308.5931004193
grid,25,10.0,False,126,200,0.3482389338010734,-0.25092539141229653,1.6132990141758596,1029.0,0.5996112730806609,0.012633624878522837,0.001943634596695821,-0.4853159729632157,0.22752936518734856,-0.10481532216424225,14668706.841987243,-3472936.00837742
grid,25,10.0,False,189,100,0.29884639985714756,-0.27099998103145084,1.4762185481559782,951.0,0.5362776025236593,0.022082018927444796,0.002103049421661409,-0.5192850920034848,0.25619156698549,-0.09654484382731839,10488148.094522921,-2899924.4121303484
grid,25,10.0,False,189,200,0.31930415512328825,-0.2661680820467859,1.5275360606264663,828.0,0.572463768115942,0.026570048309178744,0.0024154589371980675,-0.5192850920034848,0.2752162992033305,-0.10474719058708781,12069910.637854721,-3667284.876708569
grid,25,10.0,False,252,100,0.33052062284581174,-0.26102734001832295,1.6251419021279798,920.0,0.533695652173913,0.025,0.003260869565217391,-0.4865921707776242,0.28091901744974834,-0.09328057033360872,13024210.14907405,-3591043.617962431
grid,25,10.0,False,252,200,0.34203800323853173,-0.2638709447629215,1.64105409482199,783.0,0.5734355044699873,0.02681992337164751,0.0038314176245210726,-0.4865921707776242,0.28235180724198367,-0.10370983197657979,14073323.579606725,-4885352.079772996
