score,stop,top_n,exit_ma,CAGR,MaxDD,trades,hit,n3x,n5x,avg_win,worst
S_mom,0.3,15,True,0.19818415885244556,-0.25726353669430524,162,0.5555555555555556,4,1,0.48636895101411143,-0.40286625774259166
S_mom,0.3,15,False,0.17460204380652367,-0.24428340269830195,103,0.5436893203883495,4,2,0.6801018595537245,-0.42475937778199624
S_mom,0.3,25,True,0.19052150835702308,-0.22025155820604436,278,0.5503597122302158,4,1,0.43960977027892384,-0.40286625774259166
S_mom,0.3,25,False,0.1652786609487118,-0.20694990577617745,157,0.6178343949044586,5,2,0.5619362307617852,-0.42475937778199624
S_mom,0.3,40,True,0.1852846023829362,-0.2150846477282916,444,0.5495495495495496,7,1,0.4177735714769828,-0.43889245327951965
S_mom,0.3,40,False,0.1651323878091051,-0.20043803530421012,242,0.6487603305785123,8,2,0.5458748257894527,-0.42475937778199624
S_mom,0.4,15,True,0.2126872518805365,-0.2681247582845857,158,0.5759493670886076,3,1,0.4951138961521176,-0.30864433403385083
S_mom,0.4,15,False,0.19121533556429626,-0.2537182119429563,81,0.6049382716049383,4,2,0.7818956291590131,-0.35881858798602306
S_mom,0.4,25,True,0.19829650909630359,-0.2388512516756709,272,0.5661764705882353,4,1,0.44983140339584904,-0.4168920140096991
S_mom,0.4,25,False,0.17204460166088098,-0.2119426781893543,134,0.6567164179104478,5,2,0.6172489081449298,-0.4195079946060807
S_mom,0.4,40,True,0.1883110453499015,-0.2275482959050683,442,0.5520361990950227,7,1,0.4262825564155119,-0.4637173666277973
S_mom,0.4,40,False,0.16637813295801362,-0.20379034541859187,213,0.676056338028169,8,2,0.570570647032627,-0.4195079946060807
S_mom,0.5,15,True,0.21345653503345186,-0.27128596647733505,158,0.5759493670886076,3,1,0.49625392042678357,-0.3316970235036063
S_mom,0.5,15,False,0.1998101783618862,-0.254399576182502,76,0.631578947368421,4,2,0.8240529316538002,-0.5090209119330036
S_mom,0.5,25,True,0.19662791971717986,-0.24462012721913007,272,0.5661764705882353,4,1,0.44977817150324206,-0.6297297265019463
S_mom,0.5,25,False,0.18284322778721096,-0.2119463302100092,126,0.6904761904761905,5,2,0.6494634274320222,-0.5090209119330036
S_mom,0.5,40,True,0.18737206610056845,-0.23183910292678234,441,0.5510204081632653,7,1,0.4280210122550165,-0.5256838045357455
S_mom,0.5,40,False,0.1708428698485971,-0.20404789042163596,203,0.7142857142857143,8,2,0.5692340964737861,-0.5090209119330036
S_mom_vol,0.3,15,True,0.15489667914670502,-0.2253644887120534,159,0.5345911949685535,1,1,0.3967875044015189,-0.2891411831041659
S_mom_vol,0.3,15,False,0.14164625524349939,-0.18973680123392822,89,0.5842696629213483,3,1,0.5374887855837658,-0.28362509018514404
S_mom_vol,0.3,25,True,0.14617036533326822,-0.2097109519980418,265,0.5622641509433962,2,1,0.33951068583475436,-0.2891411831041659
S_mom_vol,0.3,25,False,0.130923307887578,-0.17360490877538826,144,0.6180555555555556,3,1,0.4703427678759846,-0.3473531473760556
S_mom_vol,0.3,40,True,0.13743422625087587,-0.1747380607321679,434,0.5529953917050692,2,1,0.31597584360090625,-0.39678993404239826
S_mom_vol,0.3,40,False,0.1398398130829115,-0.16928247779440508,230,0.6304347826086957,4,1,0.4995565224281326,-0.39678993404239826
S_mom_vol,0.4,15,True,0.16641190510063608,-0.2530019678120988,157,0.535031847133758,1,1,0.4221898992481298,-0.266749090531865
S_mom_vol,0.4,15,False,0.1484766719289834,-0.19829134179580699,79,0.6455696202531646,3,1,0.5413907944067031,-0.3415771673093835
S_mom_vol,0.4,25,True,0.15238424653081983,-0.22565507620778158,264,0.5681818181818182,2,1,0.34457850525914535,-0.26879545642079095
S_mom_vol,0.4,25,False,0.1417109497747413,-0.17631364402476146,131,0.6717557251908397,4,1,0.49423189037618,-0.35881858798602306
S_mom_vol,0.4,40,True,0.1393967578876385,-0.18822149405708732,435,0.5494252873563218,2,1,0.3219129900701528,-0.4390125146556635
S_mom_vol,0.4,40,False,0.14756069708788666,-0.1722525933965714,208,0.6682692307692307,5,1,0.5240109529866657,-0.3766827252072058
S_mom_vol,0.5,15,True,0.16341530123974257,-0.2546501332517742,157,0.535031847133758,1,1,0.416542197424587,-0.266749090531865
S_mom_vol,0.5,15,False,0.14677155524819763,-0.19931354538845003,76,0.6710526315789473,3,1,0.5304873123206307,-0.5090209119330036
S_mom_vol,0.5,25,True,0.14906603359321569,-0.22688354791604015,265,0.5660377358490566,2,1,0.34154964058190634,-0.5256838045357455
S_mom_vol,0.5,25,False,0.14347086969456946,-0.1754653620892226,126,0.6984126984126984,3,1,0.481973545392129,-0.5090209119330036
S_mom_vol,0.5,40,True,0.13835786331187894,-0.18898561343810094,435,0.5494252873563218,2,1,0.3215785045508045,-0.5256838045357455
S_mom_vol,0.5,40,False,0.14779092709954655,-0.17317073898877222,201,0.6915422885572139,4,1,0.504003584152226,-0.5090209119330036
