regime,score,breaker,top_n,CAGR,MaxDD,CAGR_1014,DD_1014,CAGR_1518,DD_1518,ret2018,final_rs,trades
R0_nifty50_ma200,S_mom,,15,0.26547810513027703,-0.3403703772801998,0.3321003643309677,-0.22983601346620652,0.18400431659103655,-0.3403703772801998,-0.22444491206934225,8300455,446
R0_nifty50_ma200,S_mom,,25,0.28731277430061186,-0.3072853198856835,0.363911716703224,-0.2000694935297237,0.19568293096249856,-0.30728531988568364,-0.1835241776681994,9680113,721
R0_nifty50_ma200,S_mom,0.15,15,0.24928420314036903,-0.3977218057270724,0.3181078845370102,-0.2636590946248102,0.16546407272105346,-0.3977218057270725,-0.2918754679450257,7393099,493
R0_nifty50_ma200,S_mom,0.15,25,0.2813098848609361,-0.3390618235679924,0.37609222698275646,-0.16469843865647338,0.17012662755239205,-0.3390618235679925,-0.22097790532784878,9281858,750
R0_nifty50_ma200,S_mom,0.2,15,0.25487482135830897,-0.3809238961852718,0.3422448958594686,-0.20800593089338826,0.15086538096467628,-0.38092389618527167,-0.2858998167341307,7695846,464
R0_nifty50_ma200,S_mom,0.2,25,0.2844600241935247,-0.28919749447636856,0.3555239908636767,-0.2000694935297237,0.19892720429112654,-0.28919749447636844,-0.17463272085152826,9488996,760
R0_nifty50_ma200,S_mom_vol,,15,0.2703002861068722,-0.23903888125738293,0.3033605770997083,-0.18967266788637083,0.22795362541513153,-0.23903888125738304,-0.1275381699926299,8589117,416
R0_nifty50_ma200,S_mom_vol,,25,0.24936826369710374,-0.22560370422291598,0.2957920059440702,-0.20296710511051885,0.19200965696328476,-0.22560370422291598,-0.11696593329328275,7397571,658
R0_nifty50_ma200,S_mom_vol,0.15,15,0.24743188039211494,-0.31038520519141444,0.2929894667745021,-0.22133098986729305,0.19061440645664174,-0.3103852051914143,-0.21101570081182952,7295151,446
R0_nifty50_ma200,S_mom_vol,0.15,25,0.24065660618439666,-0.2786089485972165,0.3041168925257034,-0.17709442525141272,0.16406075327265635,-0.2786089485972164,-0.177407126971326,6946637,688
R0_nifty50_ma200,S_mom_vol,0.2,15,0.26526580839509983,-0.264160497215741,0.3033605770997083,-0.18967266788637083,0.21703740067701172,-0.264160497215741,-0.15813027970150106,8287947,423
R0_nifty50_ma200,S_mom_vol,0.2,25,0.23969016506104657,-0.25140831135707176,0.2864720296297747,-0.20296710511051885,0.18194614112838203,-0.25140831135707187,-0.14639059260751341,6898150,658
R1_nifty500_ma200,S_mom,,15,0.2681540135366629,-0.3128396947159501,0.3275865067737891,-0.22983601346620652,0.19469134645738184,-0.31283969471594997,-0.2101237692623762,8459555,425
R1_nifty500_ma200,S_mom,,25,0.2940153953574747,-0.2628234364531422,0.3621089611771995,-0.1982678654487442,0.2117257645639521,-0.2628234364531422,-0.14522049727583597,10142674,690
R1_nifty500_ma200,S_mom,0.15,15,0.2510771575556239,-0.38122108484468464,0.3156878818511346,-0.2636590946248102,0.17191308989807474,-0.38122108484468464,-0.2887267302776475,7489018,451
R1_nifty500_ma200,S_mom,0.15,25,0.2929362452141768,-0.27140092139679317,0.3742733718207003,-0.16469843865647338,0.1961094501231444,-0.2714009213967933,-0.15579238394939887,10066899,719
R1_nifty500_ma200,S_mom,0.2,15,0.2627639383120022,-0.3432150897907654,0.3376966632870648,-0.20800593089338826,0.17215322818594525,-0.34321508979076554,-0.24503964316307225,8141803,443
R1_nifty500_ma200,S_mom,0.2,25,0.2954101272410492,-0.25565088296515304,0.3621089611771995,-0.1982678654487442,0.21466453608478697,-0.25565088296515315,-0.1369036950239746,10241360,690
R1_nifty500_ma200,S_mom_vol,,15,0.2802031529202156,-0.2226783605818079,0.3016261872502284,-0.18967266788637083,0.2516622487129825,-0.222678360581808,-0.10934115443253689,9210045,391
R1_nifty500_ma200,S_mom_vol,,25,0.2581543957516379,-0.19729913764051799,0.2960935000136107,-0.1876515143598192,0.21059067195014936,-0.1972991376405181,-0.10161971889427801,7878526,624
R1_nifty500_ma200,S_mom_vol,0.15,15,0.2567721338120177,-0.2942814993449968,0.2912688778246284,-0.22133098986729305,0.2127679714305597,-0.2942814993449968,-0.19677037340547276,7801066,421
R1_nifty500_ma200,S_mom_vol,0.15,25,0.24845273984109784,-0.23138068082928198,0.2955078338079522,-0.16327600719980673,0.19037216607533236,-0.23138068082928198,-0.13976367486367713,7348989,654
R1_nifty500_ma200,S_mom_vol,0.2,15,0.27818744467475165,-0.23361037968221054,0.3016261872502284,-0.18967266788637083,0.24723507160879588,-0.23361037968221066,-0.1218671141098896,9080518,391
R1_nifty500_ma200,S_mom_vol,0.2,25,0.2581543957516379,-0.19729913764051799,0.2960935000136107,-0.1876515143598192,0.21059067195014936,-0.1972991376405181,-0.10161971889427801,7878526,624
R2_breadth_gt40,S_mom,,15,0.2573535123777302,-0.31606277565234087,0.29390686834814317,-0.28488690827987706,0.21012375691573304,-0.316062775652341,-0.21382863259895435,7833563,422
R2_breadth_gt40,S_mom,,25,0.27746861185102345,-0.2619851024466334,0.3013882493277451,-0.2619851024466334,0.2460968642181487,-0.2579408074330919,-0.13955893475183956,9034719,685
R2_breadth_gt40,S_mom,0.15,15,0.2371011792995139,-0.3934344268961478,0.2742453212500746,-0.33747502539883756,0.18924366045495655,-0.3934344268961478,-0.30276570853371987,6769737,448
R2_breadth_gt40,S_mom,0.15,25,0.26870587140666835,-0.26994411463168777,0.313010389349325,-0.2285165629598519,0.21342051048263744,-0.26994411463168777,-0.15370156684124991,8492701,714
R2_breadth_gt40,S_mom,0.2,15,0.23743189030234135,-0.35829129717934316,0.3037605395671992,-0.2573050666690242,0.15643526558612098,-0.35829129717934316,-0.2635658949167782,6786021,440
R2_breadth_gt40,S_mom,0.2,25,0.2788742435953293,-0.28734089287070164,0.2922993916371446,-0.28734089287070164,0.2601556100892375,-0.2236995188814992,-0.1000937133743881,9124468,685
R2_breadth_gt40,S_mom_vol,,15,0.2678312185931613,-0.2575941707046775,0.25843314590787436,-0.2575941707046775,0.27730235258871017,-0.23891360249351334,-0.12794357212595264,8440220,412
R2_breadth_gt40,S_mom_vol,,25,0.2563852727910112,-0.25294762838912077,0.26422225213083594,-0.25294762838912077,0.2448501896777937,-0.18964258893995334,-0.09305053366418636,7779508,648
R2_breadth_gt40,S_mom_vol,0.15,15,0.23486174149327077,-0.3020054586508135,0.2468041665815699,-0.2911917409326146,0.21785054298410778,-0.3020054586508135,-0.20518322501737063,6660379,442
R2_breadth_gt40,S_mom_vol,0.15,25,0.24199545067490624,-0.23323187719428107,0.2723443171032136,-0.22869737852790972,0.2033632820688811,-0.23323187719428118,-0.14208198184074172,7014309,678
R2_breadth_gt40,S_mom_vol,0.2,15,0.2571833200239515,-0.2811861442463953,0.2503126324805387,-0.2811861442463953,0.26347308354529786,-0.22099512571351076,-0.1129355529352406,7824037,412
R2_breadth_gt40,S_mom_vol,0.2,25,0.2513621158909767,-0.27936925626270115,0.2551293410835245,-0.27936925626270115,0.2448501896777917,-0.18964258893995478,-0.09305053366418758,7504364,648
R3_breadth_gt50,S_mom,,15,0.28520182689429774,-0.2757084483890754,0.3175254733508166,-0.22983601346620652,0.24285151798289695,-0.2757084483890755,-0.06076208576874198,9538367,355
R3_breadth_gt50,S_mom,,25,0.297843706444634,-0.23237126358406068,0.32827571887187856,-0.1982678654487442,0.2586973034759097,-0.23237126358406057,-0.026095403018778995,10415596,585
R3_breadth_gt50,S_mom,0.15,15,0.246822020876581,-0.34431757932094953,0.3057170214318967,-0.2636590946248102,0.17406255097787215,-0.3443175793209494,-0.14779942905270238,7263157,392
R3_breadth_gt50,S_mom,0.15,25,0.2825542595796562,-0.23971378693994705,0.3401379793463901,-0.16469843865647338,0.21207564877524798,-0.23971378693994694,-0.07077077067099014,9363197,614
R3_breadth_gt50,S_mom,0.2,15,0.2677553802552479,-0.33449782794869076,0.3275590106591868,-0.20800593089338826,0.19387791718085867,-0.33449782794869065,-0.10228037850863747,8435683,373
R3_breadth_gt50,S_mom,0.2,25,0.2905902494670396,-0.2289426824396381,0.32827571887187856,-0.1982678654487442,0.2429340925947847,-0.228942682439638,-0.02609540301877833,9903901,585
R3_breadth_gt50,S_mom_vol,,15,0.2895178076585785,-0.22884334101633808,0.28361530282512604,-0.18967266788637083,0.2945495010541306,-0.22884334101633808,-0.010578299082263709,9830173,344
R3_breadth_gt50,S_mom_vol,,25,0.2747703744017551,-0.2148412541354131,0.29397438807242127,-0.1876515143598192,0.24938683025151032,-0.2148412541354131,0.0083851937766517,8864635,544
R3_breadth_gt50,S_mom_vol,0.15,15,0.2568208962306373,-0.23814435151376223,0.27340130974091914,-0.22133098986729305,0.2341484834056473,-0.23814435151376234,-0.09946774692984539,7803787,374
R3_breadth_gt50,S_mom_vol,0.15,25,0.2595076179745144,-0.22070952482431927,0.3022875972686716,-0.16327600719980673,0.2063217464723761,-0.22070952482431927,-0.034429415181892464,7955020,574
R3_breadth_gt50,S_mom_vol,0.2,15,0.28084811974405444,-0.22884334101633808,0.28361530282512604,-0.18967266788637083,0.2750606117908496,-0.22884334101633808,-0.01057829908226382,9251835,344
R3_breadth_gt50,S_mom_vol,0.2,25,0.2668359864295642,-0.2148412541354131,0.29397438807242127,-0.1876515143598192,0.23196850448913575,-0.2148412541354131,0.008385193776653033,8380854,544
R5_none,S_mom,,15,0.3064803481281664,-0.33817112757457546,0.4139377088648102,-0.29069621559046044,0.180808340400896,-0.33817112757457546,-0.23667538980243552,11055413,506
R5_none,S_mom,,25,0.32953953264431624,-0.2726068665614789,0.42042776153138384,-0.2538996347962561,0.22216710998084355,-0.27260686656147903,-0.14292583125857694,12938142,800
R5_none,S_mom,0.15,15,0.28535670570793537,-0.4048501385123503,0.39103383244353296,-0.27235514472006994,0.16174827034875894,-0.4048501385123502,-0.31358005829462343,9548704,577
R5_none,S_mom,0.15,25,0.30002706273633506,-0.3312094135586485,0.42597239160459655,-0.2220844194570274,0.15637189269207763,-0.3312094135586485,-0.21172257538651185,10574153,895
R5_none,S_mom,0.2,15,0.2728722743563634,-0.41093766827606315,0.4240412646874234,-0.2650500224918282,0.10374887967984692,-0.41093766827606315,-0.32052050394603504,8746699,550
R5_none,S_mom,0.2,25,0.32569478858345824,-0.2867815324614974,0.41794787121638843,-0.2243646012631757,0.2168849651128526,-0.2867815324614974,-0.15935716175435222,12605707,834
R5_none,S_mom_vol,,15,0.30696958033490884,-0.2974547166514283,0.3521504614466875,-0.22466336793420216,0.25041800616678267,-0.2974547166514284,-0.14014794020058707,11092680,504
R5_none,S_mom_vol,,25,0.2950252989823141,-0.24287724772179664,0.34626093308201034,-0.22565026348496264,0.23203372332116312,-0.24287724772179686,-0.07525922544036656,10214046,772
R5_none,S_mom_vol,0.15,15,0.2657697952723015,-0.33271552236887525,0.3257623116092616,-0.26813263719117664,0.19249532735961883,-0.33271552236887536,-0.23656368757420554,8317668,571
R5_none,S_mom_vol,0.15,25,0.270463655054177,-0.2901869360231849,0.35519761356743507,-0.2019473363706299,0.17040762926762798,-0.2901869360231849,-0.14928762516029448,8599051,878
R5_none,S_mom_vol,0.2,15,0.29383105975281976,-0.34918088640066625,0.3445288969433369,-0.2418267452386751,0.23098282929233283,-0.34918088640066636,-0.13787545801914491,10129695,521
R5_none,S_mom_vol,0.2,25,0.29145699676978354,-0.24714332501550185,0.3384743958850398,-0.24714332501550185,0.23330884972950128,-0.214355877227967,-0.07525922544036556,9963847,781
R4_n500_and_breadth40,S_mom,,15,0.25707929464380674,-0.34037205676778803,0.3175254733508166,-0.22983601346620652,0.18253205573382658,-0.34037205676778814,-0.2417716368612185,7818220,362
R4_n500_and_breadth40,S_mom,,25,0.2680992369219708,-0.3032308528578569,0.32827571887187856,-0.1982678654487442,0.19475676454589674,-0.303230852857857,-0.19207417251288794,8456271,591
R4_n500_and_breadth40,S_mom,0.15,15,0.24015156990198916,-0.4060136186844542,0.3057170214318967,-0.2636590946248102,0.15998563097316776,-0.4060136186844542,-0.31722522332098,6921261,388
R4_n500_and_breadth40,S_mom,0.15,25,0.2719349314163486,-0.28756993956922183,0.3401379793463901,-0.16469843865647338,0.18962546958623472,-0.28756993956922183,-0.17393721445734112,8688974,620
R4_n500_and_breadth40,S_mom,0.2,15,0.2578726382272185,-0.3404433402477882,0.3275590106591868,-0.20800593089338826,0.17305207747517048,-0.3404433402477882,-0.24272284430252833,7862681,380
R4_n500_and_breadth40,S_mom,0.2,25,0.2694660355270082,-0.2964514539678377,0.32827571887187856,-0.1982678654487442,0.19765438152875925,-0.2964514539678378,-0.18421324543173112,8538549,591
R4_n500_and_breadth40,S_mom_vol,,15,0.2632121741619484,-0.2610219964856513,0.28361530282512604,-0.18967266788637083,0.23592204906735015,-0.2610219964856513,-0.15327547551298226,8167816,346
R4_n500_and_breadth40,S_mom_vol,,25,0.25118767998854086,-0.2301192468832154,0.29397438807242127,-0.1876515143598192,0.19801333429213264,-0.2301192468832154,-0.1383518819577464,7494967,551
R4_n500_and_breadth40,S_mom_vol,0.15,15,0.24504192687132065,-0.3051322311758118,0.27340130974091914,-0.22133098986729305,0.20829180320220564,-0.3051322311758117,-0.20855533308791108,7170480,376
R4_n500_and_breadth40,S_mom_vol,0.15,25,0.24588588294124936,-0.264650276421206,0.3022875972686716,-0.16327600719980673,0.17718284708600573,-0.26465027642120587,-0.17723525699238663,7214287,581
R4_n500_and_breadth40,S_mom_vol,0.2,15,0.26122321858921715,-0.2714147621562991,0.28361530282512604,-0.18967266788637083,0.23155054564954192,-0.271414762156299,-0.16518355603599422,8052947,346
R4_n500_and_breadth40,S_mom_vol,0.2,25,0.2543315396844481,-0.21289205216984164,0.29397438807242127,-0.1876515143598192,0.2047928905411538,-0.21289205216984175,-0.11869504734364467,7665950,551
