mode,seed,regime,stop,CAGR,MaxDD,FinalRs
random,0,False,10.0,0.1928357998490573,-0.2891139435186828,4879045.872549644
random,1,False,10.0,0.10007913723549433,-0.3507967300678947,2356857.6507217316
random,2,False,10.0,0.1985910948034968,-0.2907164274669668,5094763.331774152
random,3,False,10.0,0.16150660279129814,-0.3087454890413538,3840949.1987615377
random,4,False,10.0,0.21640033875174502,-0.25570470268438206,5816997.171712725
random,5,False,10.0,0.2598925537389343,-0.28216723340406535,7976899.402937664
random,6,False,10.0,0.20671156852190076,-0.3161804886132419,5413545.0995992245
random,7,False,10.0,0.15238335149141458,-0.25509563255032264,3578129.416274924
random,8,False,10.0,0.16356963269873992,-0.2951419816303362,3902706.158358353
random,9,False,10.0,0.16285700038437478,-0.3059792778792533,3881274.416566175
random,10,False,10.0,0.15264287964953982,-0.2557835964691356,3585379.0305760424
random,11,False,10.0,0.18927386063509744,-0.2292993873523751,4749642.170072322
random,12,False,10.0,0.18206401614583512,-0.26848017591724704,4497008.739319464
random,13,False,10.0,0.18688734356301206,-0.27086341219080856,4664656.515426589
random,14,False,10.0,0.20383293208411035,-0.32313957974239194,5298568.0912740715
random,15,False,10.0,0.23092333771056017,-0.2432118215129786,6471860.329669777
random,16,False,10.0,0.2112914765954632,-0.25858745379811043,5601047.827385909
random,17,False,10.0,0.14776007531609325,-0.29305225868297446,3451148.1632606466
random,18,False,10.0,0.17014347326838664,-0.2438004126040657,4105423.9366484424
random,19,False,10.0,0.1997224459502871,-0.24892167836432266,5138151.258593005
random,0,False,0.3,0.18919578183499564,-0.28911394351868236,4746840.100427837
random,1,False,0.3,0.09643824001152512,-0.3522558192829188,2287664.4009426925
random,2,False,0.3,0.1937290667631617,-0.29912879810831594,4911985.256818358
random,3,False,0.3,0.1582226695073521,-0.3087454890413537,3744434.8012321685
random,4,False,0.3,0.21272669486331974,-0.25570470268438084,5660982.117954587
random,5,False,0.3,0.2572042678589903,-0.28216723340406535,7825209.019238085
random,6,False,0.3,0.20258365612616336,-0.3366069144363203,5249349.199559087
random,7,False,0.3,0.1480195486092346,-0.25307975197499655,3458167.207724224
random,8,False,0.3,0.16167329462300617,-0.29551103293996417,3845906.6769813844
random,9,False,0.3,0.16183028768466512,-0.30597927787925416,3850580.909272378
random,10,False,0.3,0.14878195607808475,-0.25486666950430714,3478864.6534641725
random,11,False,0.3,0.18466251871550488,-0.23317820674057477,4586648.886687064
random,12,False,0.3,0.18241507363831455,-0.26848017591724815,4509027.421713611
random,13,False,0.3,0.1816150210451053,-0.27269585637410965,4481678.596941741
random,14,False,0.3,0.20185851479383787,-0.32556329692751895,5220966.890539242
random,15,False,0.3,0.22608160980803116,-0.2582790576180902,6246610.2033024
random,16,False,0.3,0.20776119621375666,-0.2583445694242049,5456017.176569826
random,17,False,0.3,0.14404711515391289,-0.30154474242156903,3352085.9628443466
random,18,False,0.3,0.16750593998199292,-0.24380041260406615,4022992.950818517
random,19,False,0.3,0.1972667362096998,-0.25198021694145567,5044387.380791102
random_all,0,False,10.0,0.0921826953138718,-0.4450871504583087,2209082.942468872
random_all,1,False,10.0,0.1633313482930827,-0.37478660937404396,3895528.3056181255
random_all,2,False,10.0,0.16158532981625306,-0.4232951115178428,3843289.862115659
random_all,3,False,10.0,0.10133532872223205,-0.33670682846100164,2381158.8381263525
random_all,4,False,10.0,0.19326406543987829,-0.31362198216867254,4894813.666842915
random_all,5,False,10.0,0.10173746980647191,-0.4513983258462225,2388985.2259524316
random_all,6,False,10.0,0.08087089784718637,-0.36016801313901403,2011738.030254432
random_all,7,False,10.0,0.13362657185871485,-0.45985710523661194,3087424.51306144
random_all,8,False,10.0,0.13941755812765977,-0.365827227089324,3232113.573840953
random_all,9,False,10.0,0.09382155857914865,-0.3708603464237823,2239056.9158822745
random_all,10,False,10.0,0.15166990401508373,-0.3225581362690346,3558267.185601343
random_all,11,False,10.0,0.06589198766703963,-0.4344664288180652,1774582.9785389702
random_all,12,False,10.0,0.06645409894864018,-0.42018383148517124,1783012.4631793764
random_all,13,False,10.0,0.13482880616492787,-0.37413044663807016,3116979.8820888996
random_all,14,False,10.0,0.14310022630656283,-0.32669305116625325,3327230.859098024
random_all,15,False,10.0,0.15537775711588298,-0.3788456526673897,3662572.0230383226
random_all,16,False,10.0,0.09284073403481341,-0.39306793267160733,2221075.0129679823
random_all,17,False,10.0,0.10580684204744562,-0.4359796766659795,2469478.268160973
random_all,18,False,10.0,0.10536240452630907,-0.5149449385419292,2460571.4984011967
random_all,19,False,10.0,0.1251569513093438,-0.3370430008614316,2886171.008120374
random_all,0,False,0.3,0.08444626716101955,-0.4524685263305056,2072347.9109017297
random_all,1,False,0.3,0.16163165547804703,-0.3740644844104346,3844667.7804963836
random_all,2,False,0.3,0.16223546468961425,-0.41264998544092135,3862667.783978853
random_all,3,False,0.3,0.10468771103894992,-0.33691696786994496,2447104.8385432633
random_all,4,False,0.3,0.19597936291282436,-0.31348443144502636,4995843.092879973
random_all,5,False,0.3,0.09507941456242408,-0.4586511920583446,2262307.0670544966
random_all,6,False,0.3,0.0760252786117086,-0.3608263340474378,1932110.609545492
random_all,7,False,0.3,0.13334456675586615,-0.46275440692773684,3080527.953784213
random_all,8,False,0.3,0.13572641523488005,-0.3681293023219696,3139210.111565568
random_all,9,False,0.3,0.08828933392294691,-0.37631702712782567,2139300.5476738033
random_all,10,False,0.3,0.14958059687559833,-0.32255813626903407,3500663.740052429
random_all,11,False,0.3,0.0633982457071709,-0.43827445173817803,1737612.0726193355
random_all,12,False,0.3,0.06219614236766069,-0.4202762515480194,1720036.107829392
random_all,13,False,0.3,0.13022482571682947,-0.37582654477351063,3005141.757887643
random_all,14,False,0.3,0.13786656848977352,-0.3362249687227359,3192782.74476783
random_all,15,False,0.3,0.1577156979312595,-0.38077105422050117,3729728.640497103
random_all,16,False,0.3,0.08998862769851024,-0.3963035980448316,2169513.0365107064
random_all,17,False,0.3,0.10412376595189854,-0.4409211634257678,2435898.979986719
random_all,18,False,0.3,0.10258061843395594,-0.5092440657064791,2405468.671129574
random_all,19,False,0.3,0.1277414109086059,-0.32848547952677565,2946308.7121304837
