kind,mode,seed,CAGR,MaxDD,Sharpe,Trades,HitRate,Over2x,Over5x,WorstTrade,AvgWin,AvgLoss,FinalRs,MaxDD_Rs
random,random,0,0.12127440546985069,-0.31159278255439793,0.8734122868897034,1075.0,0.5506976744186046,0.0,0.0,-0.3474599397150857,0.09370500978315088,-0.06656450532851156,2797877.7805143995,-1250423.486795166
random,random,1,0.03833913910619269,-0.3786946732410781,0.33933064597783047,1091.0,0.5334555453712191,0.0,0.0,-0.3454836637454409,0.08242916422522159,-0.07027011871050279,1402370.9291775418,-830551.328759856
random,random,2,0.15696037963606746,-0.24902051547014847,1.0892207712258224,1081.0,0.5596669750231268,0.0,0.0,-0.35599861951086353,0.09464563335986952,-0.06445773387883995,3707913.6766235335,-1145269.5563794118
random,random,3,0.11671695109900537,-0.33979559253707514,0.8194874230562794,1092.0,0.5631868131868132,0.0,0.0,-0.35899446908149923,0.09067801095621102,-0.06940067313048193,2697305.370551574,-1333594.2176114428
random,random,4,0.1427707705691066,-0.25412025784533754,1.0193622615319589,1089.0,0.566574839302112,0.0,0.0,-0.35899446908149923,0.09354675652400665,-0.06694350207218791,3318621.38829252,-1089236.8698881837
random,random,5,0.1937142793966291,-0.2768568542651557,1.2882265857628248,1085.0,0.5806451612903226,0.0,0.0,-0.34410030269033876,0.09641252212393504,-0.06375866475156051,4911438.365166933,-1795011.6582458643
random,random,6,0.15463366121852018,-0.26024904209105215,1.084449223500932,1079.0,0.5579240037071362,0.0,0.0,-0.3282072359061037,0.095505045435999,-0.06352260137967472,3641424.728488359,-1228384.653721387
random,random,7,0.09588019928477576,-0.2552420976544778,0.7143139864623108,1089.0,0.5353535353535354,0.0,0.0,-0.3867510494185834,0.08955522951522162,-0.06503895524134021,2277220.2779088826,-732687.5246227337
random,random,8,0.11318147453487426,-0.3136433672671092,0.8242580661497975,1082.0,0.5480591497227357,0.0009242144177449168,0.0,-0.4725943893066763,0.09461937586311701,-0.06939045997563338,2621512.2817137484,-1146225.9068402639
random,random,9,0.09667972241348366,-0.357315129198169,0.7157230080941591,1085.0,0.5511520737327189,0.0009216589861751152,0.0,-0.4725943893066763,0.08805732687312744,-0.06655317174181556,2292197.0944870804,-1227242.269169406
random,random,10,0.09107105969065299,-0.3044046783137754,0.6828212578397508,1076.0,0.5278810408921933,0.0,0.0,-0.47001752684998743,0.09389357590481788,-0.0678376183178827,2188955.2079412304,-873919.1430711942
random,random,11,0.12606727482274493,-0.22790820538447865,0.8868581761786344,1089.0,0.5656565656565656,0.0,0.0,-0.3342888004937933,0.08779775835467794,-0.06487252967324597,2907227.6538808956,-820528.981021164
random,random,12,0.1150517230492234,-0.29496461730104684,0.8071347158865486,1099.0,0.5486806187443131,0.0009099181073703367,0.0,-0.4657701649336575,0.09410448645232447,-0.0696318136820961,2661367.1980583514,-1053516.7499211556
random,random,13,0.13477080019814158,-0.2986762573559858,0.9559005176609703,1107.0,0.5618789521228545,0.0,0.0,-0.28596450812380014,0.0897764837888118,-0.06397419449269363,3115548.1283968426,-1273915.7644759635
random,random,14,0.15435889711548123,-0.25805389406716517,1.0532744063967503,1074.0,0.5465549348230913,0.0,0.0,-0.532807900373858,0.10100727684826534,-0.06664516369487111,3633643.377275665,-821781.2103356807
random,random,15,0.17417557935233496,-0.24381761481214725,1.1987714365938271,1070.0,0.5728971962616822,0.0,0.0,-0.3282072359061037,0.09211235357408444,-0.0604013970744017,4234342.5462459605,-1277424.307346031
random,random,16,0.1309869549427929,-0.22006997674040119,0.9267323726887484,1086.0,0.5460405156537753,0.0,0.0,-0.3096959461643085,0.0932247389267047,-0.06314007952353523,3023405.0624221987,-796518.09977955
random,random,17,0.08447250361743719,-0.3131674135583232,0.6464595184654557,1098.0,0.5318761384335154,0.0,0.0,-0.35599861951086353,0.08936484199879607,-0.06612694972209313,2072798.605582527,-711239.4850203902
random,random,18,0.11168965136335207,-0.2524647070670569,0.8225291130687509,1085.0,0.56036866359447,0.0,0.0,-0.3454836637454409,0.09018136680116061,-0.06872894500721542,2590102.8348262534,-830514.8447710807
random,random,19,0.14533037766320334,-0.24637825457321416,1.0218063358908005,1094.0,0.5676416819012797,0.0,0.0,-0.39053782117846336,0.09192389900821255,-0.06576990052901781,3386033.936866285,-1076885.4955581883
random,random,20,0.10898296404673014,-0.23053604325497823,0.8228556964983602,1101.0,0.5386012715712988,0.0,0.0,-0.33225188172033204,0.08995459153251824,-0.06395494898544399,2533968.035171268,-718115.0970549239
random,random,21,0.16288472253848352,-0.2427141747440389,1.1144113375327735,1080.0,0.5527777777777778,0.0,0.0,-0.47001752684998743,0.10070821840687555,-0.06591866963653795,3882106.1746365177,-1196353.072389719
random,random,22,0.07405154572051154,-0.2834900436943728,0.5840767482645091,1084.0,0.511070110701107,0.0,0.0,-0.4105805070644678,0.09574679300809351,-0.06776417157977341,1900487.9308922566,-718925.3152380239
random,random,23,0.10783612196939107,-0.29251538666048993,0.8039604334751782,1079.0,0.5542168674698795,0.0,0.0,-0.3096959461643085,0.08867916049842453,-0.06661052589312282,2510511.3152615265,-983355.0148403132
random,random,24,0.16419067816579158,-0.26116426212262034,1.153655715012882,1092.0,0.5402930402930403,0.0,0.0,-0.532807900373858,0.10063672248224835,-0.061614612732199814,3921469.2132593314,-1304575.3051573476
random,random,25,0.16156545298356528,-0.28097858559471844,1.1244227569178784,1093.0,0.5617566331198536,0.0,0.0,-0.35599861951086353,0.09817104499397067,-0.06629194375683126,3842698.776787913,-1434715.9713280327
random,random,26,0.0950658470083483,-0.29992823713476013,0.7092114517633108,1076.0,0.5548327137546468,0.0,0.0,-0.4725943893066763,0.0882363871370579,-0.07029590400298444,2262055.144724194,-899531.6053208159
random,random,27,0.14050525892872456,-0.24741365092927758,1.0310419853525388,1084.0,0.5802583025830258,0.0,0.0,-0.4725943893066763,0.08952184739096697,-0.06828898079422215,3259952.3573882054,-1033326.4960488132
random,random,28,0.12335161425229768,-0.3180865952742019,0.889452859528678,1096.0,0.5501824817518248,0.0,0.0,-0.442440458655051,0.09380134091047636,-0.06847543126940306,2844812.3812040254,-1197538.3112443197
random,random,29,0.101896963826692,-0.27787928306291876,0.7840946245875088,1084.0,0.525830258302583,0.0009225092250922509,0.0,-0.3342888004937933,0.09218116043386476,-0.06294773555561989,2392095.5922513595,-866502.7343125246
random,random,30,0.15687346434255,-0.30275009905630357,1.0920581444193926,1088.0,0.5579044117647058,0.0,0.0,-0.3315759472452806,0.09673245397560472,-0.06463635804435244,3705410.694908224,-1551484.6800030698
random,random,31,0.09810715972294815,-0.256874986389373,0.721390375214718,1094.0,0.5420475319926874,0.0,0.0,-0.532807900373858,0.09157515251145908,-0.06828021953661088,2319153.913420352,-767731.2671762849
random,random,32,0.11694418918779892,-0.24114785812568296,0.8627792843198747,1103.0,0.5648232094288305,0.0,0.0,-0.3375169443085442,0.09030470610102492,-0.07020168304406318,2702242.8101819693,-726952.3497175197
random,random,33,0.12957416108046482,-0.23490451048437389,0.9411736811905437,1079.0,0.5542168674698795,0.0009267840593141798,0.0,-0.28596450812380014,0.09263672499305603,-0.06528786526891334,2989627.195011927,-844465.6686096005
random,random,34,0.1655624684714616,-0.2484035285847862,1.1323357898288335,1094.0,0.5685557586837294,0.0,0.0,-0.47001752684998743,0.09568717076878124,-0.06487773341639397,3963198.201488379,-1265227.796983548
random,random,35,0.13952089734287276,-0.328609670555544,0.977911270721631,1081.0,0.5781683626271971,0.0009250693802035153,0.0,-0.3453645771982863,0.0895297713543529,-0.06681890341533335,3234749.3398397653,-1538452.5500921407
random,random,36,0.18492506160175015,-0.2389832988623941,1.2586973327192073,1081.0,0.5818686401480111,0.0,0.0,-0.338637548210452,0.09397695640389785,-0.06478878277470702,4595793.518403271,-1363068.2095008362
random,random,37,0.14312404955421965,-0.31173555049811186,1.0093671521774936,1093.0,0.5489478499542544,0.0,0.0,-0.47001752684998743,0.09507149825669671,-0.06375422316920726,3327854.186759705,-907880.4519851161
random,random,38,0.09675244133518812,-0.3328647048380087,0.7261025129501774,1085.0,0.5382488479262673,0.0018433179723502304,0.0,-0.38761903855937596,0.09131833375679567,-0.06620910507773,2293563.6121735927,-1078004.0901756925
random,random,39,0.05798467221905956,-0.3922233022576238,0.46484468987632016,1092.0,0.5137362637362637,0.0009157509157509158,0.0,-0.44026334628996666,0.09526083837644561,-0.07171232130925291,1659699.8072509363,-1026502.0652443699
random,random,40,0.09460299512806603,-0.2838554846796637,0.6983004833949149,1087.0,0.5390984360625575,0.0,0.0,-0.4105805070644678,0.09251062943250611,-0.0680291735631879,2253475.8307565954,-858839.1975634
random,random,41,0.13518919638044302,-0.28930452578805876,0.9562519056964657,1089.0,0.5656565656565656,0.0009182736455463728,0.0,-0.47001752684998743,0.08844282959029348,-0.06416438823189143,3125888.456930945,-1203577.0267749252
random,random,42,0.11619348288954123,-0.26378092984089974,0.839852240569362,1066.0,0.5356472795497186,0.0,0.0,-0.33225188172033204,0.09603237270589057,-0.06612615409920698,2685961.925373547,-920491.4004646656
random,random,43,0.10119363762612665,-0.4138474324148228,0.755403765312832,1103.0,0.5521305530371714,0.0009066183136899365,0.0,-0.35899446908149923,0.09421676888718421,-0.07342848178770849,2378406.708701378,-1607281.291898591
random,random,44,0.05842979608031951,-0.3785379637325732,0.46122287902176673,1095.0,0.5305936073059361,0.0,0.0,-0.47001752684998743,0.0909964470892869,-0.07335235724588698,1665986.7806092983,-962452.3931120723
random,random,45,0.10751452075364076,-0.3165039797822071,0.7627999558127389,1089.0,0.5408631772268135,0.0018365472910927456,0.0,-0.4105805070644678,0.09400483058841246,-0.06697404137689544,2503968.246467193,-956784.4341428899
random,random,46,0.14158599334143873,-0.31957367604667153,0.9883814059321951,1080.0,0.537962962962963,0.000925925925925926,0.0,-0.3474599397150857,0.09664638354348364,-0.06209068581667138,3287823.6980312853,-1465448.1038067448
random,random,47,0.1373581331973297,-0.28307024885093657,0.9738206282920007,1091.0,0.5609532538955087,0.0,0.0,-0.44050165124161966,0.09549571690922812,-0.06911797915713512,3179982.4669866017,-1213269.35924921
random,random,48,0.12358462582375895,-0.2858971794599423,0.8837594339769911,1081.0,0.5541165587419057,0.0009250693802035153,0.0,-0.44026334628996666,0.09472690571133248,-0.06987667545565336,2850120.686568524,-1096058.7713221326
random,random,49,0.11997186390615955,-0.31129997897010386,0.8501489644619208,1091.0,0.5499541704857929,0.0,0.0,-0.532807900373858,0.09348634798722695,-0.06837878222226984,2768799.094348983,-1178092.4208969278
random,random,50,0.14283776128638048,-0.25572645997407895,1.0057311501066915,1086.0,0.567219152854512,0.0,0.0,-0.44050165124161966,0.0906381693616384,-0.06525376744457632,3320370.4114501616,-1091011.461147149
random,random,51,0.09562086734055364,-0.22085666177572205,0.7187600695089689,1083.0,0.541089566020314,0.0,0.0,-0.4105805070644678,0.08903899553216968,-0.06630707067119856,2272381.1380244046,-605632.539101989
random,random,52,0.13304194169350403,-0.23418208099057858,0.933809279465121,1079.0,0.5542168674698795,0.0009267840593141798,0.0,-0.35599861951086353,0.09664091433768635,-0.06819632814934462,3073142.357017615,-905774.625924312
random,random,53,0.15151570788570878,-0.2854950878305331,1.0739049014615412,1091.0,0.5618698441796517,0.0,0.0,-0.34410030269033876,0.09376216189622531,-0.0643948358823377,3553987.2973719095,-1324219.0947370967
random,random,54,0.09292999992000639,-0.2945120872235787,0.7328744603509557,1091.0,0.5426214482126489,0.0,0.0,-0.4725943893066763,0.08872350148394921,-0.06602754529933091,2222706.239288955,-891080.5980130048
random,random,55,0.09836702524485252,-0.4089137202258144,0.7045444538185385,1092.0,0.5311355311355311,0.0009157509157509158,0.0,-0.4725943893066763,0.09491686364531675,-0.06687677523111421,2324091.6134736734,-1560988.1195542193
random,random,56,0.09464421554775737,-0.3507214891741245,0.7074352959123057,1098.0,0.5355191256830601,0.0,0.0,-0.35599861951086353,0.08896907724065362,-0.064418380670912,2254238.708006564,-887442.714828195
random,random,57,0.11073718559451651,-0.2449270953236501,0.8199508338714305,1086.0,0.5451197053406999,0.0,0.0,-0.4725943893066763,0.09286659290757324,-0.0674675342883112,2570224.6053406536,-628530.0408546696
random,random,58,0.1435697467718331,-0.2912497597766517,1.0343593434988172,1100.0,0.5645454545454546,0.0,0.0,-0.3431314959867161,0.09313565809406453,-0.06778582018149872,3339534.8613720504,-1277940.0292284787
random,random,59,0.1102809274188199,-0.2460330646766955,0.7900454863126122,1100.0,0.5527272727272727,0.0,0.0,-0.3315759472452806,0.08959106582678653,-0.06680888271240766,2560750.4906746806,-672890.4556017714
random,random,60,0.12093256440576261,-0.276449487108404,0.8887507054605082,1097.0,0.545123062898815,0.0,0.0,-0.442440458655051,0.09724406818544594,-0.06986157278812075,2790220.1759893633,-745570.9937371821
random,random,61,0.07718294301327355,-0.37858597636898816,0.5959389805810457,1096.0,0.5574817518248175,0.0,0.0,-0.47001752684998743,0.08679881194747331,-0.07324841648019076,1950875.229604014,-823394.285497111
random,random,62,0.1214038598509597,-0.24855824673921623,0.9013716431717137,1098.0,0.5664845173041895,0.0,0.0,-0.532807900373858,0.08673499834908531,-0.06585719360781013,2800782.5690341466,-729866.6258082744
random,random,63,0.11373271615130176,-0.35897493367910194,0.8052880048011146,1095.0,0.5424657534246575,0.0009132420091324201,0.0,-0.30316241697163704,0.09500184759500876,-0.06737599013992082,2633203.713863066,-1454608.6960510062
random,random,64,0.1308469163342587,-0.2535746929435616,0.9177061685355002,1096.0,0.5428832116788321,0.0,0.0,-0.3431314959867161,0.09689149399545645,-0.06554030151767483,3020041.8646257105,-736786.1922321799
random,random,65,0.19610594317046193,-0.2757876660046097,1.3133608699295616,1105.0,0.5683257918552036,0.0009049773755656109,0.0,-0.3474599397150857,0.09839625505696056,-0.06300308335823149,5000597.707661159,-1808491.8092361158
random,random,66,0.09155611624760884,-0.30727971944832166,0.6724636529529867,1077.0,0.5283194057567316,0.0009285051067780873,0.0,-0.3867510494185834,0.0925525428664967,-0.06501422849156967,2197717.7105962546,-935990.0302120214
random,random,67,0.096932295054037,-0.29386993539682893,0.7154042462639728,1096.0,0.5392335766423357,0.0,0.0,-0.38761903855937596,0.09307618068030983,-0.06934900019868367,2296946.4932995345,-922280.6151300636
random,random,68,0.07479973698539077,-0.33142461226988584,0.5843421834199457,1079.0,0.5347544022242817,0.0,0.0,-0.38761903855937596,0.08813270163935819,-0.0671091654883036,1912420.719083046,-907737.6214562953
random,random,69,0.16082939182572753,-0.29016264447557283,1.105185935759169,1082.0,0.5804066543438078,0.0,0.0,-0.34289134951929834,0.09295489876242499,-0.06794856877656576,3820867.042784527,-1441355.7101882896
random,random,70,0.12014071704415064,-0.310400075643503,0.8694135779920754,1078.0,0.5408163265306123,0.0009276437847866419,0.0,-0.31459979114749503,0.09613293711429449,-0.0672646877171481,2772553.452192577,-1174612.7898666179
random,random,71,0.16044315170884205,-0.2393661850748755,1.0760465820536467,1108.0,0.5532490974729242,0.0,0.0,-0.3431314959867161,0.09614444426899041,-0.06266123020548593,3809455.234551907,-1150118.1999655976
random,random,72,0.16316912004436324,-0.21898097437540243,1.1101556666481691,1096.0,0.5565693430656934,0.0009124087591240876,0.0,-0.3867510494185834,0.0983141022305284,-0.06607616305570123,3890648.211670127,-816855.7206267952
random,random,73,0.10712814247247104,-0.35503615236984254,0.7956250442116203,1088.0,0.5238970588235294,0.0,0.0,-0.4105805070644678,0.10140247808614168,-0.06939880682148963,2496127.3150473,-1324878.9840425286
random,random,74,0.11169283575453415,-0.27222309352162133,0.8333329754927165,1082.0,0.5526802218114603,0.0,0.0,-0.442440458655051,0.09036911824097246,-0.06743259354275703,2590169.5224870555,-634593.5575074623
random,random,75,0.10392624430251618,-0.25360523021493775,0.7673335716671729,1095.0,0.547945205479452,0.0009132420091324201,0.0,-0.31589239508617084,0.09061120304436668,-0.0661768569461537,2431984.9281231896,-813298.1115699615
random,random,76,0.09742549108784715,-0.25029404061576244,0.7373019556854437,1077.0,0.5441039925719592,0.0,0.0,-0.4725943893066763,0.09152018270687902,-0.06808858229550442,2306245.8162232516,-734241.5687772846
random,random,77,0.08354126348279922,-0.29353253622187636,0.6294415370318118,1094.0,0.5630712979890311,0.0,0.0,-0.38761903855937596,0.08527682437122698,-0.07195275918898014,2056854.8076834937,-506411.7195790564
random,random,78,0.12586017516907422,-0.35150572889055365,0.9135142968912363,1075.0,0.5488372093023256,0.0018604651162790699,0.0,-0.4725943893066763,0.09485854213683949,-0.06665197960717965,2902425.2826678148,-1442102.8367159404
random,random,79,0.1221487068011311,-0.3623135652719681,0.8795696215679448,1098.0,0.5537340619307832,0.0009107468123861566,0.0,-0.532807900373858,0.09461299989366517,-0.07054756201741424,2817548.106324886,-1506441.5743265394
random,random,80,0.15535411860348858,-0.2881848116251454,1.0703578047363027,1094.0,0.556672760511883,0.0009140767824497258,0.0,-0.35899446908149923,0.0960206196947781,-0.06432417956058029,3661898.5387295554,-1424358.7924244856
random,random,81,0.14278324779022067,-0.3084591185870704,1.0133287416800534,1077.0,0.5636025998142989,0.0,0.0,-0.35899446908149923,0.09390618133849238,-0.06719217458446981,3318947.0870138225,-1411117.4580634576
random,random,82,0.11126915580294172,-0.22818330539545373,0.8080129043691304,1077.0,0.5496750232126276,0.0,0.0,-0.35899446908149923,0.0912277932674237,-0.06621861286441172,2581310.1912298617,-686424.3893437362
random,random,83,0.10200074189567077,-0.29916678355468285,0.7570470548131255,1092.0,0.5347985347985348,0.0,0.0,-0.47001752684998743,0.09685696532939597,-0.06971146786299526,2394121.3483952302,-994463.3320900984
random,random,84,0.06503125794641584,-0.3874826405677102,0.5093568118698754,1099.0,0.5250227479526842,0.0,0.0,-0.442440458655051,0.0915358262143332,-0.0700882209271569,1761744.0086270114,-1062841.8770019026
random,random,85,0.14199730827251655,-0.259873818181922,0.9958299970695097,1107.0,0.5492321589882565,0.0,0.0,-0.3431314959867161,0.09404880998997221,-0.06337465786845951,3298486.7148684138,-1102489.1013885103
random,random,86,0.14740485506435497,-0.36093644555147597,1.0330452064131086,1086.0,0.5644567219152854,0.0009208103130755065,0.0,-0.31589239508617084,0.09353815246224062,-0.06613953463851281,3441559.5883671828,-1823686.9882916599
random,random,87,0.13951968604479403,-0.2434165497350429,0.9879579413348913,1091.0,0.5692025664527957,0.0,0.0,-0.34410030269033876,0.09325560491479801,-0.06939481911682249,3234718.4334568097,-984019.410657912
random,random,88,0.14361561698101433,-0.25822270140942616,1.0344643579474324,1091.0,0.5783684692942255,0.0,0.0,-0.33864894813559376,0.08783971891015137,-0.06441072954408733,3340739.077066129,-1106821.6312123034
random,random,89,0.08454437788249991,-0.26269166367667685,0.6642663497206531,1092.0,0.532051282051282,0.0,0.0,-0.40095036833138054,0.08702510808818849,-0.06351687628582577,2074033.7211784916,-713879.9410874222
random,random,90,0.1371536180785191,-0.2654042702881343,0.9731021045999747,1075.0,0.5479069767441861,0.0,0.0,-0.2942298560309857,0.09771051944524461,-0.06693578612325972,3174846.5065980414,-1086719.1319248024
random,random,91,0.12529784514469933,-0.28491626373760437,0.9057771393028917,1093.0,0.5434583714547118,0.0,0.0,-0.3474599397150857,0.09447927990087049,-0.06615079701599129,2889421.123856922,-1090024.9441252956
random,random,92,0.11991811535321739,-0.2819617650419205,0.8681535758799054,1094.0,0.5301645338208409,0.0,0.0,-0.44050165124161966,0.09633506438315541,-0.06483710320458094,2767604.9728429723,-894921.0484978962
random,random,93,0.12704631928202836,-0.26296209953410365,0.9161304597607628,1074.0,0.5521415270018621,0.0,0.0,-0.44050165124161966,0.09343497164036836,-0.06747183231657776,2930026.159482584,-982177.8758795001
random,random,94,0.14592146365962066,-0.28399131901382635,1.0097390867153444,1080.0,0.5509259259259259,0.0,0.0,-0.442440458655051,0.09954035620513521,-0.06866346334245799,3401773.3028345425,-1143611.2583662528
random,random,95,0.11256648072068232,-0.25434818572166695,0.8205917379892517,1095.0,0.5424657534246575,0.0,0.0,-0.32307040429242206,0.08791606406050802,-0.06123987174533945,2608523.1783105754,-861157.9066362167
random,random,96,0.12787740934765623,-0.2401179569727918,0.9491867156799831,1081.0,0.5735430157261795,0.0,0.0,-0.3399102555263849,0.08677524033307726,-0.06636832633422395,2949503.8713159873,-668429.0813200134
random,random,97,0.10050982189221536,-0.3012904118650055,0.7621591819695347,1083.0,0.5475530932594644,0.0,0.0,-0.532807900373858,0.09061794242518825,-0.06811728862965381,2365164.3539103796,-979820.2674856372
random,random,98,0.13852598523887516,-0.31560147851894393,0.9756574290923027,1082.0,0.5582255083179297,0.0,0.0,-0.34289134951929834,0.09340111943861217,-0.06621317912660821,3209452.304173636,-1412267.423645792
random,random,99,0.09560117478162877,-0.2531427861233221,0.7104609331525705,1082.0,0.5295748613678374,0.0,0.0,-0.3414305358223577,0.08855003621768019,-0.0614562385143774,2272014.0480581536,-737744.9552228991
random,random,100,0.12094530347542443,-0.35968722323642943,0.8565429938286875,1099.0,0.5477707006369427,0.0009099181073703367,0.0,-0.3474599397150857,0.09154722352218266,-0.06395242065020298,2790505.210255601,-1514339.0689575928
random,random,101,0.09530645605533672,-0.36010086017738197,0.7145996615197832,1106.0,0.5515370705244123,0.0,0.0,-0.31105233336646343,0.08961046802506964,-0.07006560339806903,2266526.474811227,-1230962.0501057017
random,random,102,0.15532502744177412,-0.23070738611677777,1.0634218882373239,1085.0,0.5714285714285714,0.0,0.0,-0.532807900373858,0.0945469464825817,-0.0682505637892526,3661069.8541915584,-1036772.6262582513
random,random,103,0.12279812123497669,-0.2679338096956324,0.8910415804903882,1076.0,0.5585501858736059,0.0,0.0,-0.47001752684998743,0.09102038339401024,-0.06641568488153121,2832238.3026183955,-996551.561184559
random,random,104,0.11368150663461063,-0.2974365535938319,0.806870754027466,1094.0,0.5511882998171846,0.0,0.0,-0.4725943893066763,0.09452978581391602,-0.07124136651409045,2632115.648316663,-1045559.6973129064
random,random,105,0.14481697053800424,-0.29452474398918427,1.033134231017708,1081.0,0.5615171137835338,0.0,0.0,-0.3054022783365111,0.09335798612061129,-0.06501715254022812,3372415.5516158855,-1344723.0613243836
random,random,106,0.12179347599414059,-0.3411943211199139,0.8739540423460223,1089.0,0.5472910927456383,0.0009182736455463728,0.0,-0.35899446908149923,0.09374247008988187,-0.0666285955511019,2809541.2296673483,-1377944.4700645427
random,random,107,0.10460268620207391,-0.354797500037775,0.7594525937195374,1078.0,0.5510204081632653,0.0,0.0,-0.532807900373858,0.0927809450266346,-0.07090072765824547,2445412.4268767103,-1290868.726101786
random,random,108,0.08073563044245313,-0.3006635888493969,0.6206622224476124,1086.0,0.5193370165745856,0.0,0.0,-0.44026334628996666,0.09281723113863144,-0.06609290304081349,2009476.229517706,-821260.6874005732
random,random,109,0.09332633191222439,-0.21915961706785492,0.7122102222804088,1075.0,0.5265116279069767,0.0,0.0,-0.3315759472452806,0.09067450398698348,-0.06429341213655022,2229961.5936150677,-585174.9223850367
random,random,110,0.15768188703333053,-0.21193300885583222,1.0932598627791115,1082.0,0.577634011090573,0.0,0.0,-0.34410030269033876,0.09165160334742865,-0.06588990829361477,3728749.687103007,-942428.7958986526
random,random,111,0.11654932692079645,-0.29568178960287417,0.8427940789394732,1093.0,0.5425434583714547,0.0,0.0,-0.442440458655051,0.09437969889200214,-0.06780503867210991,2693668.3650119766,-1054525.9286279315
random,random,112,0.12065587687056123,-0.28023734061286854,0.8625789927034335,1097.0,0.528714676390155,0.0,0.0,-0.4657701649336575,0.09733178883621692,-0.06355459800572731,2784035.725735332,-1058530.7166405772
random,random,113,0.15861602531431185,-0.2213627615696363,1.125226928368154,1086.0,0.5524861878453039,0.0009208103130755065,0.0,-0.31085818473989524,0.0986199225109671,-0.06459392106046129,3755880.692739914,-1003603.9215862551
random,random,114,0.12285466953846536,-0.2064701370704055,0.883034945225194,1080.0,0.5574074074074075,0.0,0.0,-0.532807900373858,0.09185468601748562,-0.06741718137455291,2833520.679611378,-492475.6720118597
random,random,115,0.1241498886818384,-0.25692246185302403,0.8915242960003293,1082.0,0.5600739371534196,0.0009242144177449168,0.0,-0.3474599397150857,0.09259130441370053,-0.06807874451495347,2863034.704940002,-946029.9712828477
random,random,116,0.17199179870945147,-0.2526280263078643,1.149721639064425,1088.0,0.5716911764705882,0.0,0.0,-0.47001752684998743,0.09349824097955443,-0.06230049683737494,4164080.881092139,-1330243.9853144297
random,random,117,0.13042919849477586,-0.3006522483428077,0.9301681987524919,1088.0,0.5551470588235294,0.0,0.0,-0.4105805070644678,0.09492426679040222,-0.06752079302805673,3010029.6038849987,-1254728.1917627258
random,random,118,0.10917526789522136,-0.24351236418822686,0.7970206371306408,1078.0,0.5426716141001855,0.0,0.0,-0.44050165124161966,0.09081686358500751,-0.06474533232794712,2537920.2969900896,-764345.426470316
random,random,119,0.1079690957668824,-0.3023125053734531,0.8151308373443519,1094.0,0.5502742230347349,0.0,0.0,-0.3431314959867161,0.08975358749020226,-0.06670195341710418,2513221.142538983,-1043016.0113391755
random,random,120,0.13004453424219165,-0.3003956797733959,0.9256100377321059,1083.0,0.5512465373961218,0.0,0.0,-0.35899446908149923,0.09538442895917996,-0.06754327577479671,3000835.705828851,-1239492.4888776531
random,random,121,0.14897201871585497,-0.26983401984681443,1.0392777619185325,1095.0,0.5762557077625571,0.0,0.0,-0.3206363778272613,0.09117534052141113,-0.06658794380288215,3484041.4887426435,-1207757.606300525
random,random,122,0.11248704057349967,-0.28806552961362686,0.8315004459473027,1078.0,0.5398886827458256,0.0,0.0,-0.532807900373858,0.0942876671277833,-0.06706906952079833,2606849.524729168,-989078.8752110568
random,random,123,0.09844228772141106,-0.28191878768578393,0.727568029368867,1086.0,0.5395948434622467,0.0,0.0,-0.532807900373858,0.09175837031407597,-0.06704087755980374,2325523.4181784964,-880505.9848603201
random,random,124,0.1644039359795153,-0.26059984973184325,1.1520136311264526,1077.0,0.564531104921077,0.0,0.0,-0.38761903855937596,0.09599463537674767,-0.06448594753072526,3927930.6348389764,-1297138.9263719502
random,random,125,0.1209757704234482,-0.3180592545151685,0.892766726534142,1088.0,0.5643382352941176,0.0,0.0,-0.33225188172033204,0.08908467037443862,-0.0672921649396194,2791187.00739311,-1248300.8210189561
random,random,126,0.16095531318357637,-0.24542246586558725,1.1115651640348885,1084.0,0.5498154981549815,0.0027675276752767526,0.0,-0.34289134951929834,0.10140917681453715,-0.06567323150275833,3824594.063097154,-1186026.9218551228
random,random,127,0.16337542995940435,-0.23784509476915794,1.1204514376532517,1092.0,0.5714285714285714,0.0,0.0,-0.4105805070644678,0.09341365390497462,-0.06485466573238113,3896855.294626073,-1169480.0132328132
random,random,128,0.09031826885471173,-0.27639522686275175,0.6695760934434025,1090.0,0.5440366972477064,0.0,0.0,-0.4725943893066763,0.0928176504900317,-0.0723851418101305,2175417.589724299,-771712.4935253072
random,random,129,0.11514332526529047,-0.2811473743635,0.8516362862940138,1097.0,0.5314494074749316,0.0,0.0,-0.3096959461643085,0.09359181465733411,-0.06371688578587853,2663332.996252451,-985001.6510201618
random,random,130,0.08908269292709381,-0.22493294389630591,0.6804439376273231,1084.0,0.522140221402214,0.0,0.0,-0.3454836637454409,0.09234330718438334,-0.06406141673134545,2153359.168032839,-604241.2658924048
random,random,131,0.03984107123630598,-0.32691637188164147,0.3481534402562888,1116.0,0.514336917562724,0.0,0.0,-0.4105805070644678,0.08611811708570119,-0.06717999138479588,1420709.4784336656,-653661.5262418152
random,random,132,0.11344350996732944,-0.3103862986459618,0.8059821165980461,1080.0,0.5574074074074075,0.000925925925925926,0.0,-0.47001752684998743,0.08926544125485587,-0.06650659564059523,2627064.0964128617,-1127546.5870355857
random,random,133,0.14877693227286315,-0.25191668942484835,1.0520005193381592,1069.0,0.5528531337698784,0.0009354536950420954,0.0,-0.3454836637454409,0.097058535974794,-0.06532122427575829,3478727.9102473054,-1123893.5804725215
random,random,134,0.11337327774237083,-0.28832496429302346,0.823642563840048,1080.0,0.5333333333333333,0.0,0.0,-0.3474599397150857,0.09472810054572688,-0.06379087274132283,2625575.04342468,-935279.6306039616
random,random,135,0.08996834025413425,-0.30143567150808914,0.6605485069268137,1090.0,0.5568807339449541,0.0,0.0,-0.35899446908149923,0.09159045083205265,-0.07492629160613837,2169150.1122410707,-907139.4557108767
random,random,136,0.10952193244797503,-0.32547693693755564,0.7981156150160207,1069.0,0.5594013096351731,0.0,0.0,-0.47001752684998743,0.0902219911683147,-0.06963792134304879,2545058.848620952,-1164557.4586932724
random,random,137,0.1292006341459111,-0.30094253833289863,0.9217422331218224,1094.0,0.5557586837294333,0.0009140767824497258,0.0,-0.3282072359061037,0.09219221674369901,-0.0657044095955168,2980752.951995622,-1228460.5017863703
random,random,138,0.13406530805837513,-0.2712154445694773,0.9572911415306261,1099.0,0.5486806187443131,0.0009099181073703367,0.0,-0.47001752684998743,0.0959469635353733,-0.06684596344878269,3098181.28322193,-1096532.98230277
random,random,139,0.13107683414535143,-0.2838493604983905,0.9298035544796748,1097.0,0.5542388331814039,0.0,0.0,-0.4725943893066763,0.09109200945198719,-0.06525746340994679,3025565.37435609,-1108548.8125124043
random,random,140,0.048767885072169115,-0.2997378484294003,0.3959803629982464,1085.0,0.528110599078341,0.0,0.0,-0.442440458655051,0.08681689419069775,-0.07042947053677494,1534171.1034831689,-568887.3291181957
random,random,141,0.13664075236199724,-0.25678706869690704,0.9841845697255681,1087.0,0.5574977000919963,0.0,0.0,-0.3554803507104718,0.09375099561750923,-0.06703565818876969,3161999.3890417265,-1032910.2918861462
random,random,142,0.16763887890630724,-0.2654647751320989,1.144290127111583,1093.0,0.5709057639524245,0.0009149130832570906,0.0,-0.44026334628996666,0.09745133323912324,-0.06775854373040158,4027112.2232565996,-1378539.3980080201
random,random,143,0.07788314500494153,-0.3286821496864809,0.5930795287315788,1091.0,0.5178735105407882,0.0009165902841429881,0.0,-0.38761903855937596,0.09468590861164938,-0.06798563201161921,1962303.27209509,-642210.991999008
random,random,144,0.15693719419030816,-0.22448021327776113,1.1146346935236249,1092.0,0.5787545787545788,0.0,0.0,-0.31459979114749503,0.09143283122012016,-0.06587533340210272,3707245.8365516416,-859359.272031276
random,random,145,0.09587504471529407,-0.3008975312621799,0.7188556712635558,1093.0,0.5361390667886551,0.0,0.0,-0.4725943893066763,0.09225846374782228,-0.0660529106193891,2277124.0043869824,-963351.9097990561
random,random,146,0.12385106917071687,-0.2805587375180264,0.8814888858142172,1083.0,0.556786703601108,0.0009233610341643582,0.0,-0.3414305358223577,0.09289356980730419,-0.06815951007993058,2856201.3978484147,-1014321.7318901615
random,random,147,0.09544669098169822,-0.24967854315931004,0.7237922672898047,1084.0,0.5488929889298892,0.0,0.0,-0.4725943893066763,0.0873207061849769,-0.0658813198050443,2269136.135833654,-651645.164985687
random,random,148,0.11488601873440185,-0.2825280619169306,0.8440925698499427,1096.0,0.5547445255474452,0.0,0.0,-0.47001752684998743,0.09319769787564681,-0.0698093048540978,2657814.43296,-990571.6017908757
random,random,149,0.15477229740438725,-0.22519727495783404,1.0903785795258405,1095.0,0.5652968036529681,0.0,0.0,-0.3134161331800436,0.09590211925222733,-0.06813909271905183,3645356.5398141816,-909104.0227922322
random,random,150,0.09347196895354659,-0.3208150806888137,0.6875029045335738,1091.0,0.5316223648029331,0.0,0.0,-0.44026334628996666,0.0934320087134807,-0.06813144828720741,2232632.945849812,-987978.8501965643
random,random,151,0.14011475400398177,-0.26836871024537545,0.9855699574042344,1079.0,0.5727525486561631,0.0,0.0,-0.3473742237698574,0.09135160440678355,-0.06905392238844245,3249933.2907876354,-1122874.6831049728
random,random,152,0.10271239010358824,-0.3131432231214135,0.7484407133319476,1099.0,0.5641492265696088,0.0009099181073703367,0.0,-0.3414305358223577,0.08713731355722222,-0.0695893385238704,2408053.9022655794,-1056486.9519281448
random,random,153,0.09987275949746,-0.3160054641512572,0.7432493223218136,1093.0,0.5699908508691675,0.0,0.0,-0.47001752684998743,0.08784337529958922,-0.07355019429196155,2352886.3979970384,-1008488.0278437897
random,random,154,0.14602089263570317,-0.26508631921235326,1.018128218410028,1080.0,0.5518518518518518,0.0,0.0,-0.44050165124161966,0.0969590804213962,-0.06521125150212922,3404427.2645621747,-1171937.7289601574
random,random,155,0.12618022414862184,-0.30626187662035154,0.9194755409572359,1090.0,0.5477064220183486,0.0009174311926605505,0.0,-0.44496266178807486,0.09531014582515922,-0.06689314962220631,2909849.776540997,-1253159.8405366004
random,random,156,0.13511298572259856,-0.279299887085256,0.9498788460314794,1094.0,0.5712979890310786,0.0,0.0,-0.47001752684998743,0.0934395874738377,-0.07146398157221961,3124002.7024722686,-1166672.3559810054
random,random,157,0.14976897244955722,-0.2873956337391037,1.062099118657324,1092.0,0.5641025641025641,0.0,0.0,-0.4079682273225469,0.09742962693536189,-0.06906340411081265,3505823.1552820834,-1093337.5347668482
random,random,158,0.09712739161398809,-0.2941971704347155,0.722617413140637,1085.0,0.535483870967742,0.0,0.0,-0.39053782117846336,0.09381105334566542,-0.06815560184458075,2300621.091540802,-729336.167619546
random,random,159,0.10905559851927937,-0.3345472637679676,0.797113497922711,1098.0,0.5373406193078324,0.0009107468123861566,0.0,-0.47001752684998743,0.09067660078252548,-0.06378622123792917,2535460.1880419757,-1212098.9773183381
random,random,160,0.14861257693554797,-0.27785309087484644,1.0320701700599881,1087.0,0.5584176632934683,0.0,0.0,-0.3431314959867161,0.09362406787123179,-0.06287569234014992,3474256.947399592,-1305723.57560969
random,random,161,0.10010560102924448,-0.2785030589822306,0.7578636645106693,1072.0,0.5401119402985075,0.0,0.0,-0.4105805070644678,0.09095456408548001,-0.0653567442321217,2357367.314671066,-883663.2232308625
random,random,162,0.09080430971186004,-0.35511162473001634,0.6719009409960777,1086.0,0.5497237569060773,0.0,0.0,-0.4105805070644678,0.08926380813842708,-0.06883041889804507,2184149.6388105294,-1104310.9821304453
random,random,163,0.1511317583421936,-0.279521793439653,1.063846162093486,1088.0,0.5670955882352942,0.0,0.0,-0.44026334628996666,0.09269955304570975,-0.06423935135379703,3543350.2155910116,-1306269.3506739028
random,random,164,0.1178019382839599,-0.23163597953109016,0.8523532848957828,1094.0,0.5475319926873857,0.0,0.0,-0.3342888004937933,0.09203828825534018,-0.06604943137249952,2720952.4865975576,-751628.4598577907
random,random,165,0.13778462972408212,-0.2490460169472961,0.9834417240568126,1083.0,0.5706371191135734,0.0,0.0,-0.532807900373858,0.09141869078735065,-0.06690362008936226,3190716.7786492277,-1021197.0996376709
random,random,166,0.0831910566322609,-0.3020989650003273,0.6485901493378968,1089.0,0.5335169880624426,0.0009182736455463728,0.0,-0.38761903855937596,0.08780668948006344,-0.06491182059117057,2050887.1639555371,-643761.9318363857
random,random,167,0.09380701724223872,-0.31005105824242807,0.7130231900942672,1091.0,0.5490375802016498,0.0,0.0,-0.442440458655051,0.09096078331955405,-0.0702474461511875,2238789.380892928,-930908.1688138654
random,random,168,0.1161644230598502,-0.22316394844729914,0.8260453480865332,1070.0,0.5635514018691589,0.0,0.0,-0.35899446908149923,0.08718025241519257,-0.06649689423687404,2685333.449035007,-736613.4285861272
random,random,169,0.13889498666009437,-0.26779391378267325,0.9416114795147014,1082.0,0.5388170055452866,0.0,0.0,-0.35599861951086353,0.10124981921367561,-0.06732122399400678,3218814.0952433595,-1076699.1053210562
random,random,170,0.11093630914871055,-0.2972630901130535,0.8157073779825276,1086.0,0.5239410681399632,0.0,0.0,-0.4725943893066763,0.09588367357117776,-0.06405787718684905,2574369.1235397654,-1020411.2071045781
random,random,171,0.1438826685310084,-0.2848722835150437,0.9678102036345315,1091.0,0.5490375802016498,0.0009165902841429881,0.0,-0.3342888004937933,0.10075503844462748,-0.0689291041183983,3347757.561476817,-1270170.1980870548
random,random,172,0.13921662843629012,-0.217774272004302,0.9910476023141465,1083.0,0.5530932594644506,0.0,0.0,-0.34289134951929834,0.0941335891633331,-0.06425226247584682,3226994.132123638,-858904.1197256027
random,random,173,0.17596676482796392,-0.24936393506258758,1.2158132505390795,1071.0,0.5527544351073763,0.0009337068160597573,0.0,-0.2942298560309857,0.10295234641468835,-0.06542427855673687,4292757.183237279,-1353183.2538501276
random,random,174,0.15461183335585438,-0.2705901553952398,1.0816219497692905,1085.0,0.5705069124423963,0.0,0.0,-0.47001752684998743,0.09306776796681918,-0.06529315152388597,3640806.019819756,-1321226.966068958
random,random,175,0.15785705737179057,-0.3324787017446945,1.1183881500007298,1091.0,0.5527039413382218,0.0,0.0,-0.35599861951086353,0.09978850657812356,-0.06624341458769159,3733824.005382429,-1815608.8401789716
random,random,176,0.1129835774297061,-0.33055904809189185,0.8387697640536688,1093.0,0.5617566331198536,0.0,0.0,-0.39053782117846336,0.08943720933324846,-0.0676943135768892,2617326.296743848,-1251916.0225473437
random,random,177,0.10453576819758736,-0.28572400217467453,0.7684306371791646,1075.0,0.5534883720930233,0.0009302325581395349,0.0,-0.34289134951929834,0.08990018165260107,-0.06836214216138625,2444081.16169117,-890322.3239411586
random,random,178,0.12560522290822318,-0.3399583368351262,0.9052325082953926,1089.0,0.5445362718089991,0.0009182736455463728,0.0,-0.532807900373858,0.09558691582386426,-0.06587482286205366,2896522.9547667135,-1442865.787730462
random,random,179,0.14382365142712406,-0.23660104174065788,1.0231295914575207,1062.0,0.559322033898305,0.0,0.0,-0.35599861951086353,0.09507548587294488,-0.06598306178079043,3346205.383288865,-990965.8081610966
random,random,180,0.136215459292919,-0.2889504253629006,0.9928754694806613,1083.0,0.554016620498615,0.0,0.0,-0.335532956440204,0.09254929641166972,-0.0638306759911435,3151381.001931828,-1219175.5533538978
random,random,181,0.1448799511374934,-0.30281095250072665,1.0092540558185408,1103.0,0.5611967361740707,0.0,0.0,-0.47001752684998743,0.09624737721767042,-0.06895372156468385,3374083.520345043,-1407442.7169384933
random,random,182,0.14944370266377827,-0.26243485342641604,1.0575384564679915,1098.0,0.5655737704918032,0.0,0.0,-0.44050165124161966,0.091865811699396,-0.0644967620161314,3496918.581938351,-1133788.651706872
random,random,183,0.16947189451419686,-0.3224761190892157,1.1634596562612638,1089.0,0.5693296602387512,0.0009182736455463728,0.0,-0.34410030269033876,0.09588788233033152,-0.06556917888136782,4084293.857376001,-1836726.2580120582
random,random,184,0.08526768584878264,-0.3078445332411367,0.6539226176622144,1092.0,0.5494505494505495,0.0,0.0,-0.3431314959867161,0.08674280573374593,-0.06705930495647847,2086499.790219689,-903588.5630750575
random,random,185,0.1343298396182051,-0.24137828217086832,0.9501451666470639,1082.0,0.5369685767097967,0.0,0.0,-0.3474599397150857,0.09836796713940402,-0.06453263416422544,3104683.052692957,-932332.3963153074
random,random,186,0.11471783003954883,-0.31032510387278556,0.8329222135616849,1084.0,0.5479704797047971,0.0,0.0,-0.34410030269033876,0.09191974252885828,-0.06595837317679908,2654212.7127468614,-1154499.5080378163
random,random,187,0.08314212417303901,-0.28823888788784147,0.6558591000053583,1077.0,0.5394614670380687,0.0,0.0,-0.442440458655051,0.08907779154126784,-0.06780241639843902,2050054.5646549342,-518401.62222836236
random,random,188,0.1645381150146692,-0.2730636411921673,1.1177696105440809,1089.0,0.5426997245179064,0.0,0.0,-0.532807900373858,0.10394014299264823,-0.06591942071472573,3932000.924964926,-1414516.0848208359
random,random,189,0.11672933633022686,-0.28647452443160815,0.839861080079702,1077.0,0.5561745589600743,0.0,0.0,-0.532807900373858,0.09526592125312187,-0.07291975202666393,2697574.2706890474,-1031103.7934723985
random,random,190,0.12910866273878696,-0.23706859247301204,0.9245964115481846,1084.0,0.5553505535055351,0.0,0.0,-0.3315759472452806,0.09314779014804767,-0.06659872834497883,2978571.4928794047,-879142.635575857
random,random,191,0.13854119716560787,-0.23866512078073954,0.9875457934040583,1094.0,0.5585009140767825,0.0,0.0,-0.47001752684998743,0.09131154822830889,-0.06414502884898902,3209837.7612639987,-918044.7528625508
random,random,192,0.10785430452140576,-0.26291793359737736,0.7849773559994879,1094.0,0.553016453382084,0.0,0.0,-0.3342888004937933,0.09071644306380872,-0.06847399204159443,2510881.6979064825,-862256.0722656217
random,random,193,0.10432553028898495,-0.3215207235306319,0.7548047465436458,1084.0,0.5498154981549815,0.0009225092250922509,0.0,-0.38761903855937596,0.09565777222863289,-0.07248866678499039,2439902.883311557,-1117017.9421854937
random,random,194,0.1336423969934819,-0.22782426118858057,0.9738269479100211,1096.0,0.5611313868613139,0.0,0.0,-0.3315759472452806,0.08880456605758293,-0.06294441252031054,3087811.9300148487,-720734.109035328
random,random,195,0.1527002955915262,-0.32030432833794875,1.063725586348006,1092.0,0.565018315018315,0.0009157509157509158,0.0,-0.3399102555263849,0.09344019624369546,-0.06522570593618693,3586984.639833487,-1601476.8293259172
random,random,196,0.13706868557832164,-0.25913020250790864,0.9837236060694854,1092.0,0.5558608058608059,0.0,0.0,-0.38761903855937596,0.09206056667409859,-0.06446691400639237,3172715.7756824587,-1001028.8784515806
random,random,197,0.11397942422027185,-0.33212964645130005,0.8185279010671155,1097.0,0.5587967183226983,0.0,0.0,-0.44026334628996666,0.09137777906712792,-0.06964003112547545,2638451.205711267,-1229392.744097962
random,random,198,0.08315831189095313,-0.3328041418107399,0.6255595494143894,1080.0,0.5324074074074074,0.0,0.0,-0.44026334628996666,0.09191919680255158,-0.06778057579185102,2050329.9698859663,-995853.9451417879
random,random,199,0.1421976674763683,-0.26007302191042025,1.0112668012421435,1080.0,0.5527777777777778,0.0,0.0,-0.3405179241549511,0.09399583047747287,-0.06405214759603464,3303691.9933635597,-1040147.6107828459
random,random_all,0,0.05834961977334485,-0.419030135815908,0.4507993336884712,1102.0,0.5245009074410163,0.0,0.0,-0.39641948291646467,0.08814943880083309,-0.06970241856478149,1664852.8021546206,-632401.9940077635
random,random_all,1,0.11987352939972751,-0.35105452640918156,0.8175739836751191,1113.0,0.5292003593890386,0.0017969451931716084,0.0,-0.4725943893066763,0.10419835945174907,-0.07116181585429508,2766614.762426177,-965400.6720884265
random,random_all,2,0.09222743000847844,-0.45705072334611985,0.6659037593166922,1116.0,0.5259856630824373,0.0008960573476702509,0.0,-0.44026334628996666,0.10000118461809003,-0.0730853620750871,2209896.358854202,-914071.3494605443
random,random_all,3,0.05860837428908816,-0.36531220210994686,0.45438521549563843,1127.0,0.5066548358473825,0.0008873114463176575,0.0,-0.39641948291646467,0.09828007455000864,-0.07279754298172512,1668514.979875718,-873584.2943511764
random,random_all,4,0.13498333673022156,-0.33502872278034,0.9323020281646186,1124.0,0.5400355871886121,0.0,0.0,-0.38124458842558107,0.09746636415754954,-0.0660949391114311,3120796.9942289786,-610011.6091971644
random,random_all,5,0.061362388629263354,-0.4022756879538091,0.47958283301836646,1119.0,0.514745308310992,0.0,0.0,-0.34841437366694994,0.09170152881862058,-0.0690663827900444,1707938.7628508494,-874713.5770845402
random,random_all,6,0.04219763631281337,-0.3930345287381677,0.3531339023472447,1117.0,0.5111906893464637,0.0,0.0,-0.45073268460799365,0.08803399475637705,-0.06816282966348143,1449912.8203184395,-877633.3511205702
random,random_all,7,0.0882074594393476,-0.36742830751549405,0.641215585349405,1104.0,0.5244565217391305,0.0,0.0,-0.3424657381027668,0.09301757787747379,-0.06584346249541641,2137854.3549803947,-959608.4267026221
random,random_all,8,0.08659204656114516,-0.34095280200657874,0.6136448158276985,1119.0,0.5120643431635389,0.0017873100983020554,0.0,-0.47001752684998743,0.09815974467238818,-0.06872721130762133,2109497.579260276,-1009497.1370975354
random,random_all,9,0.07060348021227614,-0.33054546621128444,0.5291171719391617,1107.0,0.5383920505871725,0.0,0.0,-0.47001752684998743,0.09073596517949312,-0.07306663898743533,1846346.0528309287,-711093.7063882321
random,random_all,10,0.10629332186774021,-0.31788675037082015,0.7530904356150975,1122.0,0.5240641711229946,0.00089126559714795,0.0,-0.39999998799259484,0.09713575744029826,-0.06645229667194207,2479260.425955751,-733078.7206913424
random,random_all,11,0.029179603811545052,-0.4224208371978181,0.27185047269139434,1111.0,0.49684968496849685,0.0009000900090009,0.0,-0.3210383398594857,0.09173486704052726,-0.06998220955807075,1295016.1716383938,-565060.6194739477
random,random_all,12,0.015127674280984715,-0.40689851344468886,0.17668910051465736,1114.0,0.5062836624775583,0.0,0.0,-0.45073268460799365,0.0871418966439299,-0.07299504884569338,1144485.0788009043,-496655.0018878309
random,random_all,13,0.07422847694563384,-0.3857395579959101,0.5385724193944407,1100.0,0.5272727272727272,0.0009090909090909091,0.0,-0.34289134951929834,0.09873603333977166,-0.07557930221343155,1903303.7898862658,-781356.6527863294
random,random_all,14,0.08988065100798104,-0.3157736167265801,0.6429811816824385,1118.0,0.5339892665474061,0.0,0.0,-0.364744220624622,0.09470913764534776,-0.07088737605800705,2167582.050466601,-739236.4369581353
random,random_all,15,0.114556378137888,-0.317882174393488,0.7822623437505644,1115.0,0.5542600896860986,0.0008968609865470852,0.0,-0.3352243766711618,0.09013964351411485,-0.06786238895149697,2650759.34068499,-797805.2462775749
random,random_all,16,0.05003108687370017,-0.4033031744209854,0.4030716918306099,1124.0,0.5169039145907474,0.0,0.0,-0.3569717524321986,0.08878743881862962,-0.06987600976202081,1550860.397680313,-878022.3530544972
random,random_all,17,0.06830138600037472,-0.44176553099237725,0.51187935549785,1125.0,0.5297777777777778,0.0,0.0,-0.3369830054600149,0.09324408601520903,-0.07297772621356194,1810965.8029471862,-714494.6709634673
random,random_all,18,0.0571434489258964,-0.41304628167600776,0.4321269526876561,1113.0,0.5283018867924528,0.0,0.0,-0.532807900373858,0.09486214818947328,-0.07650412824952496,1647875.8397606353,-786381.363720654
random,random_all,19,0.07316639975978334,-0.3747846785236574,0.547896794681499,1119.0,0.5227882037533512,0.0,0.0,-0.4661688427950692,0.09358576180346463,-0.07054262626242391,1886456.3574094577,-890518.8884400178
random,random_all,20,0.106222569226752,-0.3536454553234417,0.7456776996581339,1113.0,0.5480682839173405,0.0008984725965858042,0.0,-0.34289134951929834,0.09617362946694674,-0.07286225988588996,2477835.592072566,-813103.7449946906
random,random_all,21,0.07360099051930602,-0.35523561965278583,0.5512735324376971,1123.0,0.5155832591273375,0.0,0.0,-0.39053782117846336,0.09229316428152969,-0.06757723790666953,1893334.0601706188,-767857.7484055411
random,random_all,22,0.08502152652996076,-0.32918736619798605,0.6081885570701396,1121.0,0.5352363960749331,0.0008920606601248885,0.0,-0.44026334628996666,0.09286688722905663,-0.07173813734649542,2082249.828768691,-489460.7354044486
random,random_all,23,0.06333932178752288,-0.4490891279289444,0.48782127333962827,1127.0,0.5350488021295474,0.0,0.0,-0.38761903855937596,0.09213991273832123,-0.0751236652583216,1736746.839658121,-940756.914180486
random,random_all,24,0.06091526312283513,-0.3293402986101144,0.4700193685508511,1127.0,0.5279503105590062,0.0,0.0,-0.4725943893066763,0.09169716420625897,-0.07319955178060783,1701482.3983347225,-752311.3481103673
random,random_all,25,0.027028584034852088,-0.38156773285711065,0.2525947380739675,1134.0,0.5335097001763669,0.0,0.0,-0.3605398238316071,0.08453149415799484,-0.07635664367381795,1270890.1268520479,-699432.0281143261
random,random_all,26,0.06933106532041644,-0.43166574392470214,0.5096448431462919,1116.0,0.5304659498207885,0.0,0.0,-0.47001752684998743,0.09180279654423379,-0.07132196755584523,1826715.4773470156,-750794.9591972113
random,random_all,27,0.042026730913559796,-0.3933070676085052,0.3487844821739802,1118.0,0.5116279069767442,0.0,0.0,-0.34579430755870666,0.08953560996218103,-0.07173176531235119,1447777.102824096,-726550.720183925
random,random_all,28,0.06124208582627144,-0.3066603392270335,0.4740685907226022,1130.0,0.5194690265486726,0.0008849557522123894,0.0,-0.40532100438201457,0.088360049799654,-0.06736703417682123,1706199.4872878268,-581437.2665005946
random,random_all,29,0.08053981291658685,-0.4217086335550242,0.5979132618968211,1120.0,0.5330357142857143,0.0,0.0,-0.34410030269033876,0.09240673131726658,-0.07124199228490541,2006205.9766171982,-797430.6892820715
random,random_all,30,0.0880710554731916,-0.3839983558775002,0.6227221009809797,1126.0,0.5381882770870338,0.0008880994671403197,0.0,-0.383906093380347,0.09393748405114595,-0.0722890024754401,2135446.9084637547,-631112.8055244258
random,random_all,31,0.05485644974397541,-0.46218278725246564,0.4438505316568026,1110.0,0.5315315315315315,0.0009009009009009009,0.0,-0.364744220624622,0.08959831207825553,-0.07364508275217604,1616108.0328407248,-607813.7916491072
random,random_all,32,0.06713384819255563,-0.37409631523129183,0.506338626024183,1111.0,0.5292529252925292,0.0009000900090009,0.0,-0.4133213080384902,0.09335185151359193,-0.07357352561788472,1793253.5839838153,-747594.1923687488
random,random_all,33,0.05015003355545988,-0.36135789060300205,0.3970520449404432,1118.0,0.5205724508050089,0.0,0.0,-0.356695018379371,0.09452848188546527,-0.07616113854027155,1552440.1901732984,-811698.7410428612
random,random_all,34,0.07763147512259039,-0.3499466545122687,0.5734279179273446,1131.0,0.5172413793103449,0.0,0.0,-0.45073268460799365,0.09559456964418264,-0.06994822203539679,1958188.9208284575,-546552.7027569497
random,random_all,35,0.07621462097285026,-0.44366233369957275,0.5705966473877849,1125.0,0.5297777777777778,0.0,0.0,-0.442440458655051,0.09302585167768218,-0.0716588813592953,1935168.6499052818,-757918.1311925917
random,random_all,36,0.045419993982589446,-0.42113825280727313,0.3685747008044651,1129.0,0.5066430469441984,0.0,0.0,-0.532807900373858,0.09506625049271307,-0.07308413633775285,1490708.581445799,-673720.8706214346
random,random_all,37,0.08548130477724958,-0.3584692541835055,0.6239530462096752,1121.0,0.5370205173951829,0.0,0.0,-0.3606074646317372,0.09260300596552862,-0.07045651851459861,2090194.1852098664,-988087.6969817728
random,random_all,38,0.10262467233745198,-0.31686313644559216,0.7157086773614739,1117.0,0.5282005371530887,0.0,0.0,-0.348773663801744,0.09836678900369125,-0.07023570587961799,2406332.6909686583,-929922.0264023687
random,random_all,39,0.0635540207262435,-0.35093221190492685,0.4926009252200883,1115.0,0.5309417040358745,0.0,0.0,-0.3606074646317372,0.09061181789752086,-0.07196891928534352,1739901.3028630875,-873004.4636112931
random,random_all,40,0.07904037482741955,-0.36225307672667306,0.5704271100184795,1127.0,0.5368234250221828,0.0008873114463176575,0.0,-0.356695018379371,0.08979075734514942,-0.07084298625190148,1981320.960645976,-795342.2358702845
random,random_all,41,0.05856999301563626,-0.350326570406571,0.46087826108202706,1116.0,0.5241935483870968,0.0,0.0,-0.38761903855937596,0.08976923697273152,-0.07120297994092818,1667971.3141787248,-805046.3678159525
random,random_all,42,0.10174662353038677,-0.33627450438566875,0.7213482845573124,1115.0,0.5524663677130045,0.0,0.0,-0.532807900373858,0.0949703294086168,-0.07627168189197567,2389163.63966236,-1112283.3464837088
random,random_all,43,0.088240504980174,-0.3815308394433493,0.6287463981453771,1122.0,0.5222816399286988,0.00089126559714795,0.0,-0.47001752684998743,0.094843094144546,-0.06803433494287096,2138437.9513947815,-692617.6628668336
random,random_all,44,0.09253351263291187,-0.388874984914635,0.660546729054151,1120.0,0.5267857142857143,0.0,0.0,-0.34841437366694994,0.09387377073216778,-0.06800946147975745,2215469.041617571,-607935.0723068905
random,random_all,45,0.08291330714397027,-0.30965214900022164,0.6192541465801834,1122.0,0.5383244206773619,0.0,0.0,-0.38761903855937596,0.08959052705388998,-0.06919824297439085,2046165.1651879773,-730093.3537063478
random,random_all,46,0.04978046918489998,-0.43961612490716473,0.4021364377269,1119.0,0.5120643431635389,0.0,0.0,-0.442440458655051,0.08938299799219829,-0.06812083091900398,1547536.4900960266,-550979.8387090748
random,random_all,47,0.10473932376604789,-0.38184112393314273,0.7307483542414761,1108.0,0.5279783393501805,0.0,0.0,-0.383906093380347,0.09896026882251176,-0.07002360114453365,2448132.69286139,-942019.4001758057
random,random_all,48,0.12142810400162629,-0.3000555380649411,0.8438942525270863,1117.0,0.5434198746642793,0.0,0.0,-0.442440458655051,0.09911805823172382,-0.07192652245893925,2801326.8742339592,-1099401.8029067651
random,random_all,49,0.05044438604535739,-0.393474476534604,0.39969039227129277,1119.0,0.5120643431635389,0.0,0.0,-0.35156471837773506,0.09477896380248277,-0.07241732401351038,1556355.7887252723,-619366.3880274242
random,random_all,50,0.07082398044069516,-0.37044202337054377,0.5369679248491774,1114.0,0.5350089766606823,0.0,0.0,-0.47001752684998743,0.08994301623217431,-0.07175690465620968,1849766.8824548111,-850305.8373215145
random,random_all,51,0.025756573125614413,-0.4757871032116483,0.24710384556028284,1110.0,0.5144144144144144,0.0,0.0,-0.3853962577357598,0.09064884125701801,-0.07594925180924766,1256811.8523596246,-676424.183300871
random,random_all,52,0.08186438325508205,-0.34431071483684805,0.5867378211490195,1108.0,0.5333935018050542,0.0009025270758122744,0.0,-0.3569717524321986,0.09184472570069697,-0.0691137158177819,2028419.512931197,-987715.7905123739
random,random_all,53,0.0672039072106887,-0.3805226952667343,0.5047354582034432,1129.0,0.5190434012400355,0.0008857395925597874,0.0,-0.3853962577357598,0.09593666360673317,-0.07185025563898156,1794312.0609257708,-920834.2657395888
random,random_all,54,0.09147788467972506,-0.3249867196644526,0.6474545313617612,1127.0,0.5128660159716061,0.0,0.0,-0.35150424874485775,0.1008375764668832,-0.07066063787939689,2196302.359407858,-921773.8425661698
random,random_all,55,0.059369499563424855,-0.34316968823968386,0.4592475531671173,1128.0,0.5106382978723404,0.0,0.0,-0.442440458655051,0.09554697318300831,-0.07231261062582775,1679328.798357986,-683073.213368562
random,random_all,56,0.07723014341994872,-0.36983723534542134,0.5648269408187069,1114.0,0.5143626570915619,0.0,0.0,-0.45073268460799365,0.0953252140990305,-0.06828038365565013,1951643.7270632547,-663530.2185772867
random,random_all,57,0.08013419266419897,-0.41980535526077656,0.5864675251434815,1119.0,0.5299374441465594,0.0,0.0,-0.3683138642847664,0.09587760396276528,-0.0734909379538692,1999446.9531860624,-565864.2598661133
random,random_all,58,0.006881122227182068,-0.41962687185853953,0.12340567748186075,1120.0,0.50625,0.0,0.0,-0.39641948291646467,0.09109780090995705,-0.07731021935679935,1063577.4776714835,-687190.5834228322
random,random_all,59,0.10062533079856095,-0.3582789003606206,0.719098722133607,1114.0,0.5439856373429084,0.0,0.0,-0.3930015828213721,0.0951493207456119,-0.07202761827207724,2367396.618173074,-1067902.0576396016
random,random_all,60,0.08154879085357059,-0.30958276714834565,0.6087681741772789,1125.0,0.5306666666666666,0.0,0.0,-0.3405179241549511,0.09235787174895142,-0.07005424342330528,2023107.1690055623,-824686.1406826128
random,random_all,61,0.036493337204288157,-0.36860087044506773,0.31753420127716253,1125.0,0.5146666666666667,0.0,0.0,-0.35899446908149923,0.09040601901225216,-0.07336408434897676,1380122.0749905712,-502473.651280059
random,random_all,62,0.07435235381340388,-0.4123384200473571,0.5451318118862379,1117.0,0.5237242614145031,0.0008952551477170994,0.0,-0.45073268460799365,0.09336172156570877,-0.07084733583843972,1905277.4954607193,-705803.2424372502
random,random_all,63,0.08990495484451966,-0.335966198542227,0.66163183511798,1121.0,0.5388046387154326,0.0,0.0,-0.3930015828213721,0.09376509323959661,-0.07248886839428823,2168016.551465722,-982034.9502299544
random,random_all,64,0.1048526034807713,-0.370015534393315,0.7392558281773033,1119.0,0.5335120643431636,0.0008936550491510277,0.0,-0.40532100438201457,0.09855278852999522,-0.07190922998321832,2450389.9748795563,-1303136.733033203
random,random_all,65,0.07877868120252818,-0.34737545084183363,0.5582177275125074,1119.0,0.5236818588025023,0.0017873100983020554,0.0,-0.44026334628996666,0.09526034599859566,-0.07043943971484244,1977006.065182129,-814073.1268864281
random,random_all,66,0.06537493117741788,-0.3306445591770125,0.4917798991420241,1132.0,0.508833922261484,0.0017667844522968198,0.0,-0.3440887000173184,0.0913858225859522,-0.06509465730066454,1766860.4337745225,-728633.601522401
random,random_all,67,0.09421467866676525,-0.35473813019056466,0.6668781054691457,1113.0,0.5309973045822103,0.0008984725965858042,0.0,-0.3853962577357598,0.09750550945898653,-0.07073348845351617,2246300.409096544,-1178064.6505313101
random,random_all,68,0.09688739676734759,-0.2909434571858156,0.6861124099231712,1112.0,0.5494604316546763,0.0,0.0,-0.2840531905664946,0.09198291933718164,-0.0718287429966407,2296101.583236053,-862711.450390874
random,random_all,69,0.08225239546623908,-0.3662725259200218,0.6036003892877412,1123.0,0.5155832591273375,0.0008904719501335708,0.0,-0.47001752684998743,0.09742007917836984,-0.06992432481966718,2034967.8830378223,-723965.7654021601
random,random_all,70,0.07464049856419441,-0.3989127474179479,0.5565817904580099,1106.0,0.5054249547920434,0.0009041591320072332,0.0,-0.383906093380347,0.10535598550728444,-0.07474017294800057,1909875.4868011314,-929653.0182859346
random,random_all,71,0.04737171828072917,-0.45577174869473036,0.38668751782094674,1121.0,0.5263157894736842,0.0,0.0,-0.4028985509758095,0.08706029954082026,-0.07121231330542119,1515910.96113921,-601290.6986981806
random,random_all,72,0.0714444066696629,-0.3951830285975838,0.5372528270813366,1121.0,0.5102586975914363,0.0008920606601248885,0.0,-0.34579430755870666,0.09660322579764682,-0.06968646607505424,1859422.3865978096,-835307.403931451
random,random_all,73,0.08141203721880985,-0.36784131492242433,0.5916801777053352,1115.0,0.537219730941704,0.0,0.0,-0.39224480966732966,0.09214331714773859,-0.07150477073958651,2020809.0475097173,-1074195.944384148
random,random_all,74,0.050194796728098234,-0.45404570178490866,0.4062899946226015,1114.0,0.5035906642728905,0.0,0.0,-0.38761903855937596,0.09586975595652981,-0.07124090213284391,1553035.083348239,-659599.6560341914
random,random_all,75,0.10814982892791591,-0.34568866107767604,0.7482352920740737,1129.0,0.5394154118689105,0.0008857395925597874,0.0,-0.442440458655051,0.09738591938731643,-0.07255890925974827,2516908.4090912333,-1149208.0346865747
random,random_all,76,0.06901972325139116,-0.45222428942697634,0.5161527795361661,1129.0,0.5225863596102746,0.0008857395925597874,0.0,-0.3930015828213721,0.09250044118776261,-0.07036365672033768,1821940.4904416627,-710240.796458211
random,random_all,77,0.07205352486938432,-0.39057960427600624,0.5343532377696649,1109.0,0.5256988277727682,0.0009017132551848512,0.0,-0.3431314959867161,0.09452780819690158,-0.07312106523651926,1868945.4568047873,-721862.9233866842
random,random_all,78,0.07018782607843521,-0.4244106641052552,0.5278526375928878,1121.0,0.5343443354148082,0.0,0.0,-0.35150424874485775,0.09123633696426452,-0.07309569042097507,1839912.900507003,-765936.6973481844
random,random_all,79,0.051306673161342964,-0.38357465187849293,0.4131376603631844,1129.0,0.5101860053144376,0.0,0.0,-0.4725943893066763,0.09611517127273611,-0.07370560375256678,1567876.8557160876,-927384.4229899438
random,random_all,80,0.08664500547641518,-0.45318066398851176,0.6418720505992255,1112.0,0.5341726618705036,0.0,0.0,-0.364744220624622,0.09287868074944182,-0.070402727967026,2110421.8874359587,-718863.0117501514
random,random_all,81,0.07737853949376228,-0.47190895576482594,0.5662292361239655,1114.0,0.5269299820466786,0.0,0.0,-0.35156471837773506,0.09268198377184006,-0.06971663081081766,1954061.603388367,-779383.2159135989
random,random_all,82,0.14221975646571172,-0.32504668045886853,0.9559435794116674,1134.0,0.5537918871252204,0.0,0.0,-0.4105805070644678,0.09609744388543362,-0.06876191979946339,3304266.305947498,-1127482.3583085602
random,random_all,83,0.09784165337934847,-0.45587147244295156,0.685064517713971,1128.0,0.5203900709219859,0.0,0.0,-0.4661688427950692,0.10191576393993741,-0.07271672723396526,2314118.6635240517,-731641.1824105065
random,random_all,84,0.0853614458711347,-0.3921831170804112,0.6177360112007991,1114.0,0.5251346499102334,0.0,0.0,-0.532807900373858,0.09903453536987254,-0.07399570471226322,2088120.5912368451,-1201045.1489497046
random,random_all,85,0.06671535620720426,-0.33930732082708137,0.5083348440108827,1109.0,0.5229936880072137,0.0,0.0,-0.348773663801744,0.09160137261481957,-0.07090318457865973,1786942.405892471,-531575.4626401365
random,random_all,86,0.08509599824584124,-0.3699944085954694,0.6202497191600697,1119.0,0.5192135835567471,0.0008936550491510277,0.0,-0.39224480966732966,0.09621438496377985,-0.07010911047924712,2083534.7767947118,-811799.1332296485
random,random_all,87,0.07320262545093881,-0.3524564178861549,0.533893084996736,1111.0,0.5355535553555355,0.0,0.0,-0.44026334628996666,0.09272264685312404,-0.07350591911812486,1887028.8048123242,-810808.451214127
random,random_all,88,0.08198412088640117,-0.36965404882200315,0.5887353804909042,1119.0,0.5344057193923145,0.0008936550491510277,0.0,-0.4725943893066763,0.09769458004119491,-0.07735072328440451,2030438.2895693607,-1076425.8806029477
random,random_all,89,0.0776947936287753,-0.433377835920009,0.5719784344254661,1114.0,0.5170556552962298,0.0008976660682226212,0.0,-0.4028985509758095,0.09738931906245031,-0.07228812669048233,1959223.342391418,-858796.8782827875
random,random_all,90,0.08117734395567666,-0.3501302186296278,0.5936100685940022,1128.0,0.5283687943262412,0.0,0.0,-0.3431314959867161,0.09475175680718867,-0.07241365932239018,2016870.474281991,-666603.8802632592
random,random_all,91,0.06720576178438242,-0.3827974395059246,0.5020301290232986,1126.0,0.5346358792184724,0.0,0.0,-0.4725943893066763,0.09220402468556338,-0.074617665026478,1794340.0880370305,-619594.1225275304
random,random_all,92,0.049899564255629913,-0.47367647819482916,0.39314288529772917,1108.0,0.5171480144404332,0.0,0.0,-0.3853962577357598,0.09065286174389223,-0.07206115104408972,1549115.2411513824,-648822.8902263457
random,random_all,93,0.06594106449557868,-0.43412045172065994,0.502959345289135,1118.0,0.5241502683363148,0.0008944543828264759,0.0,-0.401129162017657,0.09377689545053175,-0.07231701213703072,1775317.5264560524,-854800.4263926691
random,random_all,94,0.07176228168081389,-0.3178584818079033,0.5362131731338092,1108.0,0.509927797833935,0.0009025270758122744,0.0,-0.39641948291646467,0.09705296709486612,-0.07005992646895152,1864386.710904839,-785691.3052329088
random,random_all,95,0.11507581287350166,-0.32686627728433737,0.7875921014794544,1125.0,0.5448888888888889,0.0017777777777777779,0.0,-0.35899446908149923,0.09438012867866762,-0.06993879576240888,2661884.0445265397,-1124239.526427812
random,random_all,96,0.040205678529439126,-0.4205875343505595,0.3388540449176007,1115.0,0.5022421524663677,0.0008968609865470852,0.0,-0.4105805070644678,0.09559211490456919,-0.07273896303565394,1425193.3444323603,-625211.1318865072
random,random_all,97,0.07621170137339384,-0.3682964332763349,0.5632557008231528,1115.0,0.5300448430493273,0.0,0.0,-0.3930015828213721,0.09174945720911377,-0.07030197972083059,1935121.4632539293,-761335.0142397145
random,random_all,98,0.06829163862048793,-0.4874882811769309,0.5078246426868077,1132.0,0.523851590106007,0.0,0.0,-0.3474599397150857,0.09044921676989065,-0.06888964965128815,1810817.2883366204,-621254.0157753585
random,random_all,99,0.08694574544075917,-0.34271350164628644,0.6307253148085983,1115.0,0.5273542600896861,0.0,0.0,-0.40532100438201457,0.09802123361194873,-0.07425242964515141,2115677.623198786,-837935.3799695263
random,random_all,100,0.09179168844096819,-0.3392890853569164,0.6529186895240235,1117.0,0.5362578334825425,0.0,0.0,-0.39224480966732966,0.0915943410065141,-0.06820543859189335,2201984.5363889416,-1065690.6312200357
random,random_all,101,0.05501777617506942,-0.4148531543540518,0.4306930398837027,1122.0,0.5240641711229946,0.0,0.0,-0.3606074646317372,0.0941454514430545,-0.07515705494318278,1618330.9768108416,-819607.9723431321
random,random_all,102,0.06896925760773942,-0.3795273785781388,0.5242529823833196,1132.0,0.5141342756183745,0.0,0.0,-0.47001752684998743,0.09263580368727896,-0.06869680370239246,1821167.5552921838,-666261.4088325186
random,random_all,103,0.08181614788974256,-0.36950543057810037,0.607193822521669,1119.0,0.517426273458445,0.0,0.0,-0.35150424874485775,0.09358228868613784,-0.06679971145974883,2027606.7687895,-1099074.8648364635
random,random_all,104,0.07819147105176416,-0.3530906686716295,0.5903988216517981,1126.0,0.5381882770870338,0.0008880994671403197,0.0,-0.3223654370387776,0.08907063381229374,-0.07080210104306597,1967354.3208462384,-618724.8155900536
random,random_all,105,0.06542318365064514,-0.4006142609271496,0.4809881553401706,1125.0,0.5146666666666667,0.0008888888888888889,0.0,-0.3853962577357598,0.098709357022004,-0.0737575557754919,1767579.8472606472,-773086.4372409857
random,random_all,106,0.06842863241341957,-0.3903538545496379,0.511037467252255,1115.0,0.5219730941704036,0.0,0.0,-0.3683138642847664,0.09756331628496084,-0.07450221779369592,1812905.5687057835,-758851.2373621324
random,random_all,107,0.07302369074590387,-0.3473876429932067,0.5323927527193604,1110.0,0.5225225225225225,0.0,0.0,-0.348773663801744,0.09234400712190748,-0.06905189734206583,1884202.7352916235,-523486.830420743
random,random_all,108,0.09734369283115463,-0.3943337119031264,0.6744367713049126,1112.0,0.5431654676258992,0.0008992805755395684,0.0,-0.47001752684998743,0.0938135905960742,-0.07187145178231268,2304701.1808854644,-1060671.5822776975
random,random_all,109,0.06045058872305065,-0.38317406713765845,0.46049709060908633,1113.0,0.5220125786163522,0.0,0.0,-0.3853962577357598,0.08946018631705911,-0.06854033228006895,1694795.6263849093,-809357.4889598626
random,random_all,110,0.05397524047615754,-0.4907836555242471,0.41539497051494,1114.0,0.5026929982046678,0.0,0.0,-0.47001752684998743,0.09562303811618947,-0.0696920867280212,1604013.5293291511,-689535.1411278367
random,random_all,111,0.03522672111021374,-0.4559575416681687,0.3088490964501414,1127.0,0.5252883762200532,0.0,0.0,-0.3342888004937933,0.08524814002462412,-0.07163790425053582,1365036.6437007128,-583536.8206283695
random,random_all,112,0.05157124358329135,-0.3754136158039161,0.40676810830223076,1115.0,0.5103139013452915,0.0,0.0,-0.4661688427950692,0.09131426186316083,-0.06922602986670438,1571426.9595273263,-663244.9173246864
random,random_all,113,0.10793873882086236,-0.34441829584119943,0.7561429446134331,1120.0,0.5357142857142857,0.0008928571428571428,0.0,-0.33889093263629944,0.09546939569334609,-0.06986253099606754,2512602.279896559,-1246083.9358828492
random,random_all,114,0.13715897959183887,-0.287753852707461,0.9182129054641608,1114.0,0.5350089766606823,0.0,0.0,-0.383906093380347,0.10297535169024867,-0.06932415998669689,3174981.0553959273,-1071122.1347829523
random,random_all,115,0.05741916728903962,-0.3513327108199551,0.44875737864093457,1116.0,0.5170250896057348,0.0,0.0,-0.3352243766711618,0.0923904307035757,-0.07155988026415837,1651742.9751285117,-783033.946566856
random,random_all,116,0.1057548310404941,-0.338389863722241,0.7604859189132542,1128.0,0.5354609929078015,0.0017730496453900709,0.0,-0.39641948291646467,0.09604996966412759,-0.0698649707915383,2468434.461007426,-890845.8911236445
random,random_all,117,0.04087402200893919,-0.4089265783348982,0.34332601540683705,1121.0,0.5173951828724354,0.0008920606601248885,0.0,-0.532807900373858,0.09150639969040926,-0.0740210414949302,1433445.1637264595,-525340.8510635581
random,random_all,118,0.09498509438084457,-0.38160325448399535,0.6614682389261659,1119.0,0.5397676496872207,0.0,0.0,-0.337532798453142,0.09299430945734238,-0.07123766552988665,2260556.2457582843,-714720.6278986535
random,random_all,119,0.04987165369452917,-0.4654319116681275,0.397072945410048,1114.0,0.5269299820466786,0.0008976660682226212,0.0,-0.3683138642847664,0.09516278202224697,-0.07790226723220336,1548745.1241087993,-871348.4363816669
random,random_all,120,0.05771470394712219,-0.369677998399374,0.4486595911513461,1116.0,0.5331541218637993,0.0,0.0,-0.39224480966732966,0.09078297316566424,-0.0745505524313291,1655897.0294037655,-779856.1429253246
random,random_all,121,0.06381461199477689,-0.36443694371803614,0.4843662246856048,1119.0,0.5218945487042002,0.0008936550491510277,0.0,-0.3629737723709455,0.09036106445932582,-0.0690238783366282,1743736.879241203,-888409.3268043962
random,random_all,122,0.06926256303046507,-0.37665643087189593,0.5168543156204248,1134.0,0.5414462081128748,0.0,0.0,-0.3606074646317372,0.08876619401312556,-0.07333410937603542,1825663.9190568163,-1025986.7318838066
random,random_all,123,0.08313172164657878,-0.45335363682610774,0.5953623271733572,1122.0,0.5409982174688057,0.0,0.0,-0.532807900373858,0.09392724136360026,-0.07605015414335677,2049877.601520535,-767665.9112166034
random,random_all,124,0.08299091280417148,-0.3238373814858345,0.5996882832215987,1114.0,0.5350089766606823,0.0,0.0,-0.32595965363449986,0.09319961190187176,-0.07245968881205929,2047483.5596403459,-893766.6260568334
random,random_all,125,0.06496355218315109,-0.343434835216189,0.4886736378436598,1119.0,0.5281501340482574,0.0,0.0,-0.442440458655051,0.09142582686949209,-0.07210755876497116,1760737.5950818658,-859991.4848167538
random,random_all,126,0.08325671016561853,-0.3300245554451856,0.6094277075001598,1121.0,0.5414808206958073,0.0,0.0,-0.32391123230764685,0.09019857671835618,-0.07076265512355555,2052004.7490605186,-937532.5902353902
random,random_all,127,0.10880231401086604,-0.370974513585267,0.7429050411176255,1117.0,0.5470008952551477,0.0,0.0,-0.3683138642847664,0.09779027353073058,-0.07434690639332246,2530260.26835313,-1368276.6696575019
random,random_all,128,0.04346213108753161,-0.37631293357005136,0.36104870339944206,1111.0,0.513051305130513,0.0,0.0,-0.35722113928552013,0.09159824669739576,-0.0724975650901859,1465801.7629416813,-646009.8252840391
random,random_all,129,0.08021557830683612,-0.3835258290737533,0.5882285917350738,1117.0,0.5317815577439571,0.0008952551477170994,0.0,-0.3683138642847664,0.09397901082423245,-0.07193573649513703,2000801.4916211874,-842897.4359132275
random,random_all,130,0.034387948566487525,-0.4587583188215295,0.2990995066381551,1109.0,0.5139765554553652,0.0009017132551848512,0.0,-0.45073268460799365,0.09296064839884932,-0.07493010664091401,1355127.671462026,-554540.6520965074
random,random_all,131,0.03905557471006538,-0.3479666488329858,0.3345381058469399,1124.0,0.5160142348754448,0.0,0.0,-0.3569717524321986,0.08605414910512064,-0.06826388034544544,1411092.177391002,-719227.0176111476
random,random_all,132,0.055303216334847916,-0.35582288398789397,0.42654302733126326,1118.0,0.5304114490161002,0.0,0.0,-0.4725943893066763,0.0913244886081665,-0.07472529148569322,1622270.7630985337,-566843.3368732661
random,random_all,133,0.07843885426157704,-0.39907488533536994,0.586002455919567,1111.0,0.5247524752475248,0.0,0.0,-0.364744220624622,0.09062257177489151,-0.06734955061950386,1971415.345286972,-583827.9236547849
random,random_all,134,0.0676271179729997,-0.3337464827328884,0.5120958480321849,1129.0,0.5172719220549159,0.0,0.0,-0.364744220624622,0.09234807854998946,-0.06982614520814255,1800717.898399821,-815323.5653846001
random,random_all,135,0.09570315460627854,-0.37303258517273774,0.6693469440591769,1108.0,0.5379061371841155,0.0,0.0,-0.442440458655051,0.09689607298602958,-0.07458738855277251,2273915.629412802,-1224898.9629017257
random,random_all,136,0.0031550712266310565,-0.46918864353403367,0.09799276197907648,1124.0,0.4875444839857651,0.0,0.0,-0.3569717524321986,0.09049106648245679,-0.07156541532509086,1028718.9452856844,-853400.5950309566
random,random_all,137,0.04948430380621982,-0.45188556315309014,0.4005518725162997,1122.0,0.5169340463458111,0.0,0.0,-0.532807900373858,0.08848595458947871,-0.06998479862503536,1543616.6529835504,-632362.25560054
random,random_all,138,0.08397319375647427,-0.3843691737722703,0.6116312429714449,1117.0,0.5273052820053715,0.0008952551477170994,0.0,-0.3757050248245174,0.09468490991896532,-0.0702486484050918,2064236.298039886,-914275.5077033613
random,random_all,139,0.07691263058593423,-0.336666026721514,0.5704782527192318,1122.0,0.5080213903743316,0.0,0.0,-0.3224418812935982,0.09736819881083618,-0.06841371746367576,1946479.2928698875,-753524.2079747939
random,random_all,140,0.061087899108446475,-0.3942224788092191,0.4815025067639832,1121.0,0.5316681534344335,0.0,0.0,-0.45073268460799365,0.08740275630186554,-0.0712762039308589,1703972.6373549155,-529586.9473674917
random,random_all,141,0.06217646450547187,-0.38065656416041616,0.47915762566811276,1112.0,0.5287769784172662,0.0,0.0,-0.442440458655051,0.09104604941422009,-0.07206780166590883,1719749.7168849749,-877524.8996527046
random,random_all,142,0.11082600798762798,-0.37865182005168385,0.7600512806612669,1113.0,0.5417789757412399,0.0008984725965858042,0.0,-0.45073268460799365,0.1015599110816148,-0.07612435982126298,2572072.6038311543,-1436894.6776486319
random,random_all,143,0.07460010485523072,-0.4743121575124323,0.5636844412068622,1115.0,0.5390134529147982,0.0,0.0,-0.47001752684998743,0.09360443512365205,-0.07566736530565366,1909230.3214429808,-684740.700107132
random,random_all,144,0.04975258489150347,-0.3991550797138347,0.39188359562933794,1112.0,0.5,0.0008992805755395684,0.0,-0.532807900373858,0.09623826362574361,-0.07129996142656506,1547167.0562884419,-576864.9849786304
random,random_all,145,0.04359184122910653,-0.38768142710842546,0.3637174001245539,1116.0,0.5161290322580645,0.0,0.0,-0.348773663801744,0.09168452772131583,-0.07326916086597635,1467440.3471977836,-652940.8056704537
random,random_all,146,0.08786112909854094,-0.32175107428228555,0.6505782706565711,1118.0,0.5232558139534884,0.0,0.0,-0.34230923305854344,0.0957524961178131,-0.06938023200424386,2131746.5437379205,-962972.0553082277
random,random_all,147,0.05255635238217615,-0.41200282702140245,0.42296252527385086,1123.0,0.5155832591273375,0.0,0.0,-0.364744220624622,0.09182485993338796,-0.0726531261307536,1584708.421280524,-764376.3536143177
random,random_all,148,0.11392648118665605,-0.3657534108062598,0.7888196391602544,1113.0,0.5354896675651393,0.0,0.0,-0.34289134951929834,0.0974692776376286,-0.06965441515334933,2637324.3224223354,-921923.5521726394
random,random_all,149,0.07691545064709837,-0.3464635800672755,0.565515441684426,1116.0,0.5188172043010753,0.0008960573476702509,0.0,-0.383906093380347,0.09334045000434164,-0.06828636471450673,1946525.1084347856,-937585.9616974073
random,random_all,150,0.09994879618053165,-0.4001750173074783,0.7080049904693247,1109.0,0.5247971145175834,0.0,0.0,-0.38761903855937596,0.09853233814252754,-0.07000997328782312,2354348.852142176,-699014.3292365526
random,random_all,151,0.08831220185729638,-0.2969070569950817,0.6421369111035119,1122.0,0.5374331550802139,0.00089126559714795,0.0,-0.44055954026913313,0.09537766413348359,-0.0725298043202238,2139704.631506225,-591137.5709240062
random,random_all,152,0.10219887793291571,-0.3564065457060752,0.7055408277552593,1114.0,0.5412926391382405,0.0,0.0,-0.3930015828213721,0.09398031440069848,-0.07019572496342613,2397993.2142867097,-1001403.8556869016
random,random_all,153,0.06740308817377239,-0.35326889454295984,0.5048334273738357,1124.0,0.5195729537366548,0.0,0.0,-0.44026334628996666,0.09353787480115577,-0.0701797467196813,1797324.3928749815,-883718.4058783643
random,random_all,154,0.09495144528651966,-0.3327774351800744,0.6709491311630812,1122.0,0.5409982174688057,0.00089126559714795,0.0,-0.34762667779511247,0.09278026982094256,-0.07010833128297382,2259931.9249038366,-996238.0320506282
random,random_all,155,0.07567553648630998,-0.34238941373748555,0.5617913322043107,1119.0,0.5433422698838248,0.0,0.0,-0.3665698458148219,0.09016205169293774,-0.07328437251467877,1926473.2678580733,-846628.3023138277
random,random_all,156,0.10058966878599995,-0.359981821854376,0.7151029147566473,1121.0,0.5325602140945584,0.0008920606601248885,0.0,-0.40532100438201457,0.09535896198728823,-0.06869335786772764,2366707.233186747,-736789.2041154695
random,random_all,157,0.015033152168562491,-0.49960185796765,0.17641587664869884,1118.0,0.5134168157423972,0.0,0.0,-0.3930015828213721,0.08635299743301034,-0.0729006072376333,1143527.5716416987,-601956.6684628993
random,random_all,158,0.059606789115444814,-0.37035687449250443,0.4554898603111817,1122.0,0.5124777183600713,0.0,0.0,-0.373260147701476,0.0928930933650757,-0.0695624267885469,1682712.8432911707,-559158.9591864331
random,random_all,159,0.08318881069039574,-0.29709053723697043,0.5971994004991629,1117.0,0.5228290062667861,0.0,0.0,-0.3290155273997065,0.09602491145464054,-0.0705071225174447,2050848.942055409,-734431.6400488568
random,random_all,160,0.06792095654437014,-0.41547294407278557,0.5124269007941091,1122.0,0.5320855614973262,0.0,0.0,-0.39224480966732966,0.0968166572556917,-0.07720048947837889,1805177.4686673954,-716870.536576831
random,random_all,161,0.044945185574511104,-0.4052324408626914,0.3624070372961124,1125.0,0.5235555555555556,0.0,0.0,-0.34579430755870666,0.09087729336795952,-0.07479706782897201,1484634.043005723,-918919.0320867398
random,random_all,162,0.059389547352592054,-0.29088552576397464,0.4551747475747619,1126.0,0.5088809946714032,0.0,0.0,-0.39641948291646467,0.09384483334670547,-0.06954165942483682,1679614.4707310286,-575731.6128152036
random,random_all,163,0.08885127435547457,-0.33027083561536974,0.6437584559415156,1115.0,0.5488789237668161,0.0008968609865470852,0.0,-0.34841437366694994,0.08990657646567121,-0.07166628017646179,2149249.886324894,-915560.7483895272
random,random_all,164,0.05092353114317416,-0.5166357626030812,0.4065252362526054,1118.0,0.5134168157423972,0.0008944543828264759,0.0,-0.40532100438201457,0.09316522541707443,-0.0713570050021276,1562748.349776047,-644653.3396417924
random,random_all,165,0.04310595719955268,-0.4733330290598712,0.35289178318803943,1119.0,0.515638963360143,0.0,0.0,-0.4028985509758095,0.08993641303874622,-0.07118474876618952,1461310.6989189251,-604868.0751349898
random,random_all,166,0.0789762469484756,-0.4538461715304225,0.5860450992004094,1113.0,0.5220125786163522,0.0,0.0,-0.38124458842558107,0.0940321001331007,-0.06943305548140498,1980262.8244185552,-764027.8254388201
random,random_all,167,0.05142215624145985,-0.3266891922675066,0.4141841010863232,1116.0,0.5161290322580645,0.0,0.0,-0.442440458655051,0.0887702560803012,-0.06839990154876195,1569425.572833653,-673597.7904909377
random,random_all,168,0.061016949652598074,-0.4176744449928518,0.4673694914901062,1122.0,0.5249554367201426,0.0,0.0,-0.3474599397150857,0.09044978151512074,-0.07081098225294218,1702948.8140824242,-684896.5626891295
random,random_all,169,0.06521347629542396,-0.3575364288791937,0.5051356923544585,1111.0,0.5274527452745275,0.0,0.0,-0.39641948291646467,0.09017046845604533,-0.07157492670773047,1764455.1365897988,-885894.105148419
random,random_all,170,0.07609128128242304,-0.47065680816895306,0.5631235287984794,1112.0,0.5278776978417267,0.0008992805755395684,0.0,-0.47001752684998743,0.09736189307933697,-0.07497056554855838,1933176.1209018996,-900969.8022466432
random,random_all,171,0.05218879563665424,-0.4134410148745111,0.4062252823270247,1115.0,0.5139013452914798,0.0,0.0,-0.532807900373858,0.09221182148421934,-0.07197101867290578,1579741.3157370738,-556446.7812195681
random,random_all,172,0.087535019000474,-0.3400905210993327,0.6294483172630571,1111.0,0.513051305130513,0.0,0.0,-0.38124458842558107,0.10056023390411453,-0.07073705515900357,2126009.5144639993,-725744.1267294171
random,random_all,173,0.056638005093693655,-0.3955944787484901,0.45472123113332774,1109.0,0.5112714156898106,0.0,0.0,-0.4725943893066763,0.09285165599054099,-0.07006897918461022,1640807.541298227,-597511.4387293507
random,random_all,174,0.0667937963451386,-0.33683006428490747,0.5035306644896689,1111.0,0.513051305130513,0.0,0.0,-0.364744220624622,0.09512049983998476,-0.07046960912772682,1788123.8374691943,-645280.7116820328
random,random_all,175,0.07841127336907938,-0.3239597101994718,0.5798412444562179,1124.0,0.5382562277580071,0.0008896797153024911,0.0,-0.383906093380347,0.09383477876905495,-0.0743370337287671,1970962.2106951843,-878881.1314333733
random,random_all,176,0.11986921163256326,-0.31035637563046803,0.8033771636754556,1121.0,0.5307760927743087,0.0,0.0,-0.35156471837773506,0.09673112444084982,-0.06575897042377479,2766518.885765372,-710460.2177191591
random,random_all,177,0.05134612198222732,-0.3557652266609087,0.41210663346497056,1119.0,0.5397676496872207,0.0,0.0,-0.45073268460799365,0.08810200928066803,-0.07552567278661629,1568405.7420000983,-616741.1996937003
random,random_all,178,0.0788596050620769,-0.43037068776907494,0.5580437205296639,1120.0,0.54375,0.0,0.0,-0.4064751773201254,0.0970069336197086,-0.07897650240576821,1978339.4730673702,-1173653.4060639057
random,random_all,179,0.09117176606033395,-0.38506698019545993,0.642738935342697,1121.0,0.5182872435325602,0.0008920606601248885,0.0,-0.38761903855937596,0.09893009962608268,-0.06963487370506342,2190771.900976028,-1280567.5712415858
random,random_all,180,0.04864465466211643,-0.3751967836733595,0.3839160071980466,1108.0,0.5144404332129964,0.0009025270758122744,0.0,-0.356695018379371,0.09642713102949878,-0.07506981921744849,1532551.5728903932,-867270.1362323158
random,random_all,181,0.06950148053671179,-0.5137628342290992,0.5125226985585691,1114.0,0.5107719928186715,0.0008976660682226212,0.0,-0.3757050248245174,0.09649551888193525,-0.07020490509825016,1829333.8063254938,-778165.4036995464
random,random_all,182,0.10999759851314606,-0.28815564746402456,0.7640294215873958,1122.0,0.5383244206773619,0.0,0.0,-0.40532100438201457,0.09663365801140593,-0.07077288671973152,2554882.8527744836,-802479.5692353514
random,random_all,183,0.09813509139076282,-0.38846184759312397,0.6934231095615585,1116.0,0.5385304659498208,0.0008960573476702509,0.0,-0.39224480966732966,0.09528480535267432,-0.07316260174956896,2319684.194948004,-702458.3364269962
random,random_all,184,0.07909647486223803,-0.31914653909826163,0.5816258722984222,1126.0,0.5435168738898757,0.0,0.0,-0.32595965363449986,0.09135516631864415,-0.07338429589180245,1982247.0462113875,-789519.5293037519
random,random_all,185,0.12645723967444522,-0.33758239406947144,0.8701386400036303,1127.0,0.5590062111801242,0.0,0.0,-0.45073268460799365,0.09380330427467509,-0.07125302366553682,2916289.6029606857,-1185750.0916925743
random,random_all,186,0.0646934107049486,-0.49790269621548733,0.4946288147618253,1117.0,0.5326768128916741,0.0,0.0,-0.383906093380347,0.09287320517643449,-0.07458228142841111,1756727.156739199,-719019.9666469472
random,random_all,187,0.12325434978329053,-0.3617028686631213,0.8475648476848437,1118.0,0.5438282647584973,0.0008944543828264759,0.0,-0.38124458842558107,0.09731681857818242,-0.06996455734777488,2842599.1712998864,-605416.8720321651
random,random_all,188,0.1038623715992748,-0.3626080055386126,0.7418627196060706,1104.0,0.5380434782608695,0.0009057971014492754,0.0,-0.532807900373858,0.09406470041100592,-0.06768047784646675,2430720.4351750775,-721872.9881146918
random,random_all,189,0.05793047634362303,-0.48412738403573186,0.4367230506714355,1122.0,0.5142602495543672,0.0,0.0,-0.3605398238316071,0.0940814922431082,-0.07100099576943628,1658935.781133394,-725859.4119099549
random,random_all,190,0.14832727998421658,-0.2771216282711354,0.948131544120247,1122.0,0.5213903743315508,0.00089126559714795,0.0,-0.4105805070644678,0.10830512865730177,-0.06725045315723396,3466508.131688372,-1065981.2221620246
random,random_all,191,0.07543653996411481,-0.3685980829273572,0.5538860135424546,1119.0,0.5361930294906166,0.0,0.0,-0.34289134951929834,0.0938877381989123,-0.07370730038308822,1922629.3990779077,-814886.789131995
random,random_all,192,0.07639985946067429,-0.3942936702212103,0.5494740932794699,1120.0,0.5196428571428572,0.0,0.0,-0.442440458655051,0.09577359629058538,-0.07060106368970395,1938164.5712209796,-673165.2990865498
random,random_all,193,0.06850894310732847,-0.3156569668164745,0.5141345583300072,1106.0,0.5325497287522604,0.0,0.0,-0.532807900373858,0.09404270187541323,-0.0744684491591809,1814130.7887509677,-651628.3772286924
random,random_all,194,0.03343085882947916,-0.4195154156232156,0.2927281011981136,1116.0,0.5134408602150538,0.0008960573476702509,0.0,-0.4725943893066763,0.09142917950235491,-0.0743130947334901,1343899.0730472447,-547715.9268691937
random,random_all,195,0.04987888664868412,-0.35716657384266215,0.401271798383333,1125.0,0.5191111111111111,0.0,0.0,-0.34289134951929834,0.08969267828198361,-0.0706661837671523,1548841.0314967905,-783074.8859513383
random,random_all,196,0.04253481353641475,-0.39081171929365754,0.3525205675422405,1123.0,0.5369545859305432,0.0,0.0,-0.3700287944047832,0.08709522227321731,-0.07453784742948137,1454134.5649347135,-784982.7942169157
random,random_all,197,0.08827681148680089,-0.3234393074046964,0.6490377512775813,1115.0,0.536322869955157,0.0,0.0,-0.4064751773201254,0.09388151724884505,-0.0728109771732496,2139079.300896329,-891786.4847453281
random,random_all,198,0.08348380512734188,-0.4055988358078909,0.6070858653389791,1117.0,0.5326768128916741,0.0008952551477170994,0.0,-0.3399102555263849,0.09259885006764014,-0.07100752326121154,2055874.6407501616,-661955.6935034755
random,random_all,199,0.05201600430566322,-0.3985577591443915,0.41068776329354895,1122.0,0.5213903743315508,0.0,0.0,-0.34289134951929834,0.09004531674006772,-0.07055108743687434,1577411.0252539886,-739093.8839352904
