u,kind,seed,CAGR,MaxDD,n3x,n5x,trades,worst
india_mid,rebal,0,0.2302714079657442,-0.19501066624045937,6,1,534,-0.3116423131659456
india_mid,hold,0,0.1933775799304105,-0.2113574006175829,9,2,518,-0.45833950749531094
india_mid,random,0,0.16972253879712285,-0.2037106295501765,0,0,1171,-0.33225188172033204
india_mid,random,1,0.16366090363088626,-0.20770230225791209,0,0,1211,-0.34289134951929834
india_mid,random,2,0.14495648348067847,-0.20643808789175355,0,0,1210,-0.33252230891401136
india_mid,random,3,0.16203757615155334,-0.2034230051623639,0,0,1191,-0.33225188172033204
india_mid,random,4,0.1426208085496521,-0.22607100499896715,0,0,1196,-0.33225188172033204
india_mid,random,5,0.17247842050425555,-0.20157682733419546,0,0,1188,-0.3453645771982863
india_mid,random,6,0.15112777350514683,-0.22469559636557024,0,0,1198,-0.34289134951929834
india_mid,random,7,0.14097349647602764,-0.23618296171813968,0,0,1207,-0.3282072359061037
india_mid,random,8,0.15135345000964273,-0.20198983215878863,0,0,1196,-0.33225188172033204
india_mid,random,9,0.15326853658409823,-0.19043309780214646,0,0,1186,-0.33225188172033204
india_mid,random,10,0.1556369192118574,-0.19934188764859972,0,0,1183,-0.33225188172033204
india_mid,random,11,0.16867393486652626,-0.20588435434509622,0,0,1191,-0.3757050248245174
india_mid,random,12,0.1406632929710745,-0.24345454129743338,0,0,1195,-0.34289134951929834
india_mid,random,13,0.15870050295033944,-0.2548923710605223,0,0,1199,-0.3167172359943282
india_mid,random,14,0.1808121729648804,-0.222171953106156,0,0,1194,-0.33225188172033204
india_mid,random_all,0,0.09560790987355516,-0.30572251839137765,0,0,1424,-0.34289134951929834
india_mid,random_all,1,0.09969047147539234,-0.25276472192344335,0,0,1446,-0.35077026440083914
india_mid,random_all,2,0.1057052884018237,-0.2639143603414901,0,0,1429,-0.3379310483145437
india_mid,random_all,3,0.12054292736102856,-0.26504844100542835,0,0,1430,-0.33341784629908633
india_mid,random_all,4,0.11230786713084284,-0.2466876956205828,0,0,1410,-0.35156471837773506
india_mid,random_all,5,0.1192787992739055,-0.26828074487612197,0,0,1438,-0.33225188172033204
india_mid,random_all,6,0.09555874769136663,-0.2856340898692462,0,0,1431,-0.3368421340460608
india_mid,random_all,7,0.0877406516117103,-0.22043236707581482,0,0,1420,-0.3492790651123908
india_mid,random_all,8,0.11370003152946095,-0.25661041988067046,0,0,1394,-0.3416937481957325
india_mid,random_all,9,0.07256157051919976,-0.27870228539676,0,0,1427,-0.35156471837773506
india_mid,random_all,10,0.11825825805745183,-0.2440621551789689,0,0,1420,-0.31589239508617084
india_mid,random_all,11,0.09561407086019047,-0.2731518202891843,0,0,1402,-0.4187191650615316
india_mid,random_all,12,0.11398708379370448,-0.25332777957039454,0,0,1399,-0.35077026440083914
india_mid,random_all,13,0.10170279093121781,-0.25843503840993487,0,0,1410,-0.4187191650615316
india_mid,random_all,14,0.06780096674656999,-0.27954857198920224,0,0,1407,-0.3811671467267199
india_small,rebal,0,0.22134970415925537,-0.28628534007900774,9,3,625,-0.47001752684998743
india_small,hold,0,0.22308612631784897,-0.2943593122492283,19,8,534,-0.47001752684998743
india_small,random,0,0.1906823979988741,-0.2902344423165637,0,0,1347,-0.38761903855937596
india_small,random,1,0.14360639611336934,-0.3161165284400792,0,0,1334,-0.532807900373858
india_small,random,2,0.1834013046345484,-0.3214341250030318,0,0,1326,-0.532807900373858
india_small,random,3,0.1901032129216047,-0.29750896529941284,0,0,1336,-0.4725943893066763
india_small,random,4,0.1641019990036119,-0.3097074122547818,0,0,1328,-0.4725943893066763
india_small,random,5,0.16837527904118876,-0.32713786635905395,0,0,1313,-0.4657701649336575
india_small,random,6,0.1293162510029966,-0.2951071795378495,1,0,1327,-0.532807900373858
india_small,random,7,0.11852875057272683,-0.3240569059661641,0,0,1339,-0.44496266178807486
india_small,random,8,0.11295791287340262,-0.31550031856277816,0,0,1336,-0.532807900373858
india_small,random,9,0.12686219307616264,-0.35336143939235076,1,0,1359,-0.532807900373858
india_small,random,10,0.13112376104298007,-0.34011237338296274,0,0,1332,-0.4725943893066763
india_small,random,11,0.13364546530195565,-0.30323433472114436,0,0,1323,-0.44026334628996666
india_small,random,12,0.12820039291922058,-0.3073623575557741,0,0,1324,-0.442440458655051
india_small,random,13,0.12396902318697922,-0.3188113751923869,0,0,1320,-0.532807900373858
india_small,random,14,0.14201307880941383,-0.2985184068752885,0,0,1289,-0.40202880373741845
india_small,random_all,0,0.07948779497936997,-0.4627611574523659,0,0,1534,-0.42567659903118016
india_small,random_all,1,0.040545272761711715,-0.4817339686663382,0,0,1541,-0.47757107080705397
india_small,random_all,2,0.05247119549641255,-0.46404788141801345,0,0,1534,-0.47757107080705397
india_small,random_all,3,0.11901929899627217,-0.4184204514302331,0,0,1536,-0.4133213080384902
india_small,random_all,4,0.06493006068219964,-0.4365127774262795,1,0,1558,-0.532807900373858
india_small,random_all,5,0.08632540043927284,-0.38199296909907066,0,0,1546,-0.47757107080705397
india_small,random_all,6,0.086775589257849,-0.41567527836911167,0,0,1533,-0.532807900373858
india_small,random_all,7,0.07440318940466306,-0.38337193008274784,0,0,1534,-0.4725943893066763
india_small,random_all,8,0.060014422648582366,-0.5046429270411691,0,0,1526,-0.4626601055125954
india_small,random_all,9,0.07236958185763709,-0.44842193957911214,0,0,1570,-0.4725943893066763
india_small,random_all,10,0.08580585324279211,-0.4013882234247601,0,0,1533,-0.47001752684998743
india_small,random_all,11,0.05849930766432587,-0.4551841635405681,0,0,1548,-0.3930015828213721
india_small,random_all,12,0.059814014223043,-0.5021175062260186,0,0,1550,-0.4661688427950692
india_small,random_all,13,0.08871402375328397,-0.38543266878570104,0,0,1549,-0.47001752684998743
india_small,random_all,14,0.07172594685241962,-0.3863892775050052,0,0,1565,-0.532807900373858
india_micro,rebal,0,0.23741311209465188,-0.35903424767577397,11,3,580,-0.6774192900031233
india_micro,hold,0,0.2831776410585418,-0.33669184100235616,17,7,517,-0.6246203773826964
india_micro,random,0,0.14585402077190057,-0.40433878658678324,0,0,1223,-0.7113834575556826
india_micro,random,1,0.12154213581266049,-0.3668219030493568,1,0,1213,-0.6748152027581544
india_micro,random,2,0.18448668921076639,-0.33409448550707344,1,0,1224,-0.6462584417610656
india_micro,random,3,0.14683283168272476,-0.37724317626631254,0,0,1233,-0.6462584417610656
india_micro,random,4,0.1393611964766197,-0.3397418893475357,0,0,1208,-0.6774192900031233
india_micro,random,5,0.17738367644225517,-0.3587421459076616,0,0,1224,-0.6246203773826964
india_micro,random,6,0.17395432399645294,-0.34146298257479146,0,0,1241,-0.6774192900031233
india_micro,random,7,0.12976202371090717,-0.3730322681828808,0,0,1209,-0.6246203773826964
india_micro,random,8,0.16307666654497432,-0.34083649880273603,0,0,1228,-0.6774192900031233
india_micro,random,9,0.14731641906407034,-0.369392061062239,0,0,1229,-0.6246203773826964
india_micro,random,10,0.1676722498312595,-0.3343105887933904,0,0,1222,-0.6774192900031233
india_micro,random,11,0.12896108055703182,-0.35246412571153996,1,0,1218,-0.7113834575556826
india_micro,random,12,0.132858127984949,-0.3758145850392708,0,0,1211,-0.6462584417610656
india_micro,random,13,0.1471263163312082,-0.3815309667790542,1,0,1222,-0.6774192900031233
india_micro,random,14,0.15757854198201238,-0.38993399447322774,0,0,1221,-0.6246203773826964
india_micro,random_all,0,0.07123206878812605,-0.4188114871001043,0,0,1514,-0.7113834575556826
india_micro,random_all,1,0.06019709788379135,-0.3935898169505224,0,0,1501,-0.7113834575556826
india_micro,random_all,2,0.040283159370268384,-0.45073609680641213,0,0,1495,-0.6117084399664641
india_micro,random_all,3,0.018287164340290207,-0.4542131550311431,0,0,1494,-0.6246203773826964
india_micro,random_all,4,0.015192830261438584,-0.47806038640361437,0,0,1483,-0.45583644809715773
india_micro,random_all,5,0.03451667496630462,-0.45614652211740003,0,0,1475,-0.42610840216211243
india_micro,random_all,6,0.041998317101400895,-0.3834660149397935,0,0,1503,-0.7113834575556826
india_micro,random_all,7,0.034999303650033564,-0.46604171205707134,0,0,1493,-0.6117084399664641
india_micro,random_all,8,0.043544600199700856,-0.3772893423270872,0,0,1514,-0.6774192900031233
india_micro,random_all,9,0.0907329562885757,-0.41895268958101606,0,0,1518,-0.6117084399664641
india_micro,random_all,10,0.049984640327113805,-0.42144970711352514,0,0,1500,-0.7113834575556826
india_micro,random_all,11,0.037942609517367165,-0.43009865865603514,1,0,1487,-0.411330830407581
india_micro,random_all,12,0.02243266745801753,-0.45180220145934036,0,0,1502,-0.45583644809715773
india_micro,random_all,13,0.03752268794010738,-0.4573830734261597,1,0,1485,-0.6117084399664641
india_micro,random_all,14,0.06130031697748661,-0.47946035273148846,1,0,1496,-0.42610840216211243
us_small,rebal,0,0.14077646235466035,-0.215264861012328,0,0,906,-0.3545454105398208
us_small,hold,0,0.1365728004837119,-0.20191790254695896,2,1,482,-0.3942070059705095
us_small,random,0,0.11841395752237838,-0.2229063130405854,0,0,2080,-0.47122760382199
us_small,random,1,0.12413676215180836,-0.2238556639992768,0,0,2058,-0.3438422424646935
us_small,random,2,0.08532388804022384,-0.2634194046118563,0,0,2087,-0.33428576366160256
us_small,random,3,0.09555940972741017,-0.2714653895514507,0,0,2086,-0.4344990836390893
us_small,random,4,0.08625072046196092,-0.23383904275971368,0,0,2097,-0.3438422424646935
us_small,random,5,0.1085731827407721,-0.22857127198902583,0,0,2082,-0.38524605002197887
us_small,random,6,0.1126368952389496,-0.22166722136191586,0,0,2081,-0.3545454105398208
us_small,random,7,0.11230787096287864,-0.2283901179763307,0,0,2090,-0.3579422196007903
us_small,random,8,0.12518621251106676,-0.24482973098900374,0,0,2090,-0.5756097439000605
us_small,random,9,0.10896173616942217,-0.26205962821644513,0,0,2104,-0.34812288314617923
us_small,random,10,0.09383383331245043,-0.2591781894753382,0,0,2067,-0.3545454105398208
us_small,random,11,0.060361293053904586,-0.2697493776957208,0,0,2068,-0.5857142646296485
us_small,random,12,0.10713534686109671,-0.22726685756489917,0,0,2065,-0.331248675949388
us_small,random,13,0.08223710446042265,-0.21914770294864316,0,0,2075,-0.360000010899135
us_small,random,14,0.10961662676120643,-0.2305020217458673,0,0,2077,-0.34208855737184574
us_small,random_all,0,0.11178942524928326,-0.26178428555472555,0,0,2166,-0.46758443939472194
us_small,random_all,1,0.10548567617311466,-0.25458097079820396,0,0,2152,-0.346678800921567
us_small,random_all,2,0.09555125637423512,-0.2327651336422668,0,0,2150,-0.591724108740117
us_small,random_all,3,0.09913799920015953,-0.21946895760134244,0,0,2140,-0.6293558419164627
us_small,random_all,4,0.08539275072860475,-0.27648231353677033,0,0,2130,-0.3563941414007117
us_small,random_all,5,0.06881530552619441,-0.5277502158546781,0,0,2166,-0.6293558419164627
us_small,random_all,6,0.11374623095268555,-0.21763078092881905,0,0,2136,-0.3416666749450892
us_small,random_all,7,0.08171037154614402,-0.2572147135692058,0,0,2136,-0.3750000133046082
us_small,random_all,8,0.1135169785293757,-0.22410191099550536,0,0,2153,-0.41645485685009
us_small,random_all,9,0.12589009621010772,-0.24529264574745813,0,0,2134,-0.5766128902008576
us_small,random_all,10,0.10081934921859381,-0.2941559521230833,0,0,2139,-0.5209583277606091
us_small,random_all,11,0.13442641181020099,-0.22469515147190555,0,0,2151,-0.3406593334615816
us_small,random_all,12,0.07745723934541116,-0.292802267723535,0,0,2137,-0.6293558419164627
us_small,random_all,13,0.0621731824288585,-0.2802393731873284,0,0,2152,-0.6355140186915889
us_small,random_all,14,0.09771218858518171,-0.2534785089975663,0,0,2142,-0.34962414147832144
