month_shift,CAGR,MaxDD,Sharpe
-3,0.21807356109672926,-0.3499159741637996,1.2309502051468673
-2,0.18507215612001615,-0.38600136909854765,1.062786487256452
-1,0.22726797062763304,-0.30140575119883994,1.2469714679203459
0,0.2451980067456303,-0.3441969926488835,1.2885752778588777
1,0.4999821593070237,-0.19714366689125618,2.306158059361669
2,1.1647623456619343,-0.16979730701959583,4.058227943627207
3,1.219997871029646,-0.15457205185681855,4.187896458015428
6,1.2795722418217084,-0.16008895475061413,4.263596340913925
12,0.9917642230725501,-0.16008895475061402,3.8700385537041684
