name,ei,xi,epx,xpx,why,eval,edate,xdate,ret,pnl_frac,stale_or_jump
JINDALSTEL.NS,262,282,633.1566162109375,631.364990234375,rebal,66500.00000000001,2010-02-01,2010-03-02,-0.0028296726760660418,-188.17323295839182,False
MPHASIS.NS,262,282,416.0299987792969,417.71051025390625,rebal,66500.00000000001,2010-02-01,2010-03-02,0.004039399753720474,268.6200836224116,False
OFSS.NS,262,282,1161.39990234375,1201.6536865234375,rebal,66500.00000000001,2010-02-01,2010-03-02,0.03465971031894677,2304.870736209961,False
VEDL.NS,262,282,108.7425537109375,124.34310150146484,rebal,66500.00000000001,2010-02-01,2010-03-02,0.14346313617019835,9540.298555318192,False
ZENSARTECH.NS,262,282,21.64375114440918,20.572484970092773,rebal,66500.00000000001,2010-02-01,2010-03-02,-0.04949540249140805,-3291.444265678636,False
ECLERX.NS,262,282,67.71652221679688,64.63207244873047,rebal,66500.00000000001,2010-02-01,2010-03-02,-0.04554944151135565,-3029.0378605051515,False
BSOFT.NS,262,303,29.066326141357422,27.852216720581055,rebal,66500.00000000001,2010-02-01,2010-04-01,-0.04177030887466904,-2777.7255401654916,False
HAVELLS.NS,282,303,46.01628494262695,54.023651123046875,rebal,68223.2369963349,2010-03-02,2010-04-01,0.17401157417213264,11871.632864850715,False
RKFORGE.NS,282,303,21.152502059936523,20.464906692504883,rebal,68223.2369963349,2010-03-02,2010-04-01,-0.03250657371328036,-2217.7036823799567,False
TMPV.NS,262,303,129.95071411132812,140.38504028320312,rebal,66500.00000000001,2010-02-01,2010-04-01,0.08029448890089186,5339.58351190931,False
WELSPUNLIV.NS,262,303,6.2936272621154785,7.58661413192749,rebal,66500.00000000001,2010-02-01,2010-04-01,0.2054438269001333,13662.014488858867,False
BAJFINANCE.NS,262,323,2.7161874771118164,3.7345938682556152,rebal,66500.00000000001,2010-02-01,2010-05-03,0.3749396533654199,24933.48694880043,False
JKCEMENT.NS,303,323,151.283447265625,156.3164520263672,rebal,73795.19913098184,2010-04-01,2010-05-03,0.03326870752690603,2455.070896778425,False
JSWSTEEL.NS,262,323,82.73167419433594,101.52733612060547,rebal,66500.00000000001,2010-02-01,2010-05-03,0.22718822155246965,15108.016733239236,False
YESBANK.NS,303,323,46.63014221191406,51.85243606567383,rebal,73795.19913098184,2010-04-01,2010-05-03,0.11199395082319663,8264.615902463183,False
ENGINERSIN.NS,323,338,126.84405517578125,106.07795715332031,stop,80021.98792692706,2010-05-03,2010-05-24,-0.1637136087590637,-13100.688423591457,False
AUROPHARMA.NS,262,344,80.17698669433594,76.1388931274414,rebal,66500.00000000001,2010-02-01,2010-06-01,-0.05036474596244456,-3349.2556065025638,False
HAVELLS.NS,323,344,53.046627044677734,49.451114654541016,rebal,80021.98792692706,2010-05-03,2010-06-01,-0.06778022638665515,-5423.908457597301,False
HSCL.NS,262,344,38.7346076965332,48.927677154541016,rebal,66500.00000000001,2010-02-01,2010-06-01,0.263151482980428,17499.573618198465,False
PCBL.NS,262,344,12.6027193069458,11.748851776123047,rebal,66500.00000000001,2010-02-01,2010-06-01,-0.06775264211051324,-4505.550700349131,False
VEDL.NS,323,344,119.74332427978516,107.81956481933594,rebal,80021.98792692706,2010-05-03,2010-06-01,-0.09957765522350848,-7968.4019240873,False
VTL.NS,303,344,42.23082733154297,40.288639068603516,rebal,73795.19913098184,2010-04-01,2010-06-01,-0.04598982273522256,-3393.828126744305,False
WELSPUNLIV.NS,323,344,7.174654483795166,6.6484856605529785,rebal,80021.98792692706,2010-05-03,2010-06-01,-0.0733371654942554,-5868.585771776357,False
INDUSINDBK.NS,303,366,160.70596313476562,188.1990966796875,rebal,73795.19913098184,2010-04-01,2010-07-01,0.17107724572651084,12624.679415167779,False
JINDALSAW.NS,282,366,77.12530517578125,77.71090698242188,rebal,68223.2369963349,2010-03-02,2010-07-01,0.007592862100265885,518.0096305469286,False
JKTYRE.NS,282,366,25.987287521362305,23.809789657592773,rebal,68223.2369963349,2010-03-02,2010-07-01,-0.08379088667794066,-5716.485519962186,False
KIRLOSENG.NS,344,366,126.28924560546875,286.19769287109375,rebal,76002.41013111685,2010-06-01,2010-07-01,1.266207953804583,96234.85621633817,True
ECLERX.NS,344,366,71.39522552490234,87.26319122314453,rebal,76002.41013111686,2010-06-01,2010-07-01,0.2222552780186613,16891.9367937797,False
BBOX.NS,366,388,23.47127914428711,24.317171096801758,rebal,87318.0606692704,2010-07-01,2010-08-02,0.03603944835365036,3146.8947378310795,False
PCBL.NS,366,388,12.038904190063477,13.043066024780273,rebal,87318.0606692704,2010-07-01,2010-08-02,0.08340973720395572,7283.176493582907,False
STLTECH.NS,262,388,69.14058685302734,91.58425903320312,rebal,66500.00000000001,2010-02-01,2010-08-02,0.3246092230585844,21586.51333339587,False
ZENSARTECH.NS,366,388,23.660869598388672,26.00589942932129,rebal,87318.0606692704,2010-07-01,2010-08-02,0.09911004416728275,8654.096849532865,False
BSOFT.NS,388,410,36.136802673339844,40.26775360107422,rebal,93691.02938106805,2010-08-02,2010-09-01,0.11431423430225074,10710.21828468647,False
EICHERMOT.NS,366,410,80.63997650146484,111.99479675292969,rebal,87318.0606692704,2010-07-01,2010-09-01,0.38882476919986786,33951.424786709125,False
IPCALAB.NS,344,410,125.81976318359375,135.15260314941406,rebal,76002.41013111685,2010-06-01,2010-09-01,0.0741762639642074,5637.574835801674,False
KIRLOSENG.NS,388,410,260.11383056640625,245.87643432617188,rebal,93691.02938106805,2010-08-02,2010-09-01,-0.05473525267469237,-5128.202166524786,False
TORNTPHARM.NS,344,410,108.97518920898438,106.93817901611328,rebal,76002.41013111685,2010-06-01,2010-09-01,-0.018692421712291463,-1420.6691013213692,False
ZYDUSLIFE.NS,388,410,110.45943450927734,108.09859466552734,rebal,93691.02938106805,2010-08-02,2010-09-01,-0.021372912637459773,-2002.4501858752442,False
CHOLAFIN.NS,410,431,30.177001953125,32.070457458496094,rebal,98875.30468324512,2010-09-01,2010-10-01,0.06274498402168205,6203.929412489159,False
EMAMILTD.NS,410,431,122.52064514160156,125.06680297851562,rebal,98875.30468324512,2010-09-01,2010-10-01,0.02078145959786104,2054.773149501059,False
ESCORTS.NS,344,431,155.01171875,198.70274353027344,rebal,76002.41013111685,2010-06-01,2010-10-01,0.2818562695297735,21421.75579482846,False
POONAWALLA.NS,410,431,71.65101623535156,73.86133575439453,rebal,98875.30468324512,2010-09-01,2010-10-01,0.030848404323851497,3050.145376512753,False
AJANTPHARM.NS,410,452,18.369848251342773,18.312524795532227,rebal,98875.30468324512,2010-09-01,2010-11-01,-0.00312051874496877,-308.5422416785648,False
HAVELLS.NS,431,452,72.54078674316406,71.77848815917969,rebal,106407.8504545658,2010-10-01,2010-11-01,-0.010508551371014918,-1118.192362781078,False
M&MFIN.NS,410,452,57.62828063964844,73.4685287475586,rebal,98875.30468324512,2010-09-01,2010-11-01,0.27486935116040945,27177.79084407138,False
ZFCVINDIA.NS,282,452,111.46150970458984,179.14486694335938,rebal,68223.2369963349,2010-03-02,2010-11-01,0.6072352457646859,41427.55408433184,False
ASTRAL.NS,452,472,15.55455207824707,14.385773658752441,rebal,109959.68844412136,2010-11-01,2010-12-01,-0.07514060280328849,-8262.437273753076,False
POONAWALLA.NS,452,472,69.39466094970703,71.00634002685547,rebal,109959.68844412136,2010-11-01,2010-12-01,0.023224828179742474,2553.794870812733,False
PFOCUS.NS,431,479,70.49500274658203,53.79999923706055,stop,106407.8504545658,2010-10-01,2010-12-10,-0.23682534731628113,-25200.076141081452,False
KIRLOSENG.NS,431,489,274.6412048339844,163.06024169921875,stop,106407.8504545658,2010-10-01,2010-12-27,-0.406279033046823,-43231.27859127194,False
BAJFINANCE.NS,344,494,4.121869087219238,6.256271839141846,rebal,76002.41013111685,2010-06-01,2011-01-03,0.5178240033243153,39355.87227639143,False
CHOLAHLDNG.NS,472,494,79.92340850830078,85.80472564697266,rebal,106143.21510811955,2010-12-01,2011-01-03,0.0735869158791076,7810.751841299216,False
GABRIEL.NS,303,494,15.045280456542969,23.279752731323242,rebal,73795.19913098184,2010-04-01,2011-01-03,0.5473126472161722,40389.04578822225,False
KPRMILL.NS,344,494,11.111929893493652,15.848664283752441,rebal,76002.41013111685,2010-06-01,2011-01-03,0.4262746827652575,32397.903268036825,False
ZYDUSWELL.NS,472,494,106.47185516357422,109.07231140136719,rebal,106143.21510811955,2010-12-01,2011-01-03,0.02442388398133799,2592.429571206914,False
TVSMOTOR.NS,410,505,60.09638214111328,49.73783874511719,stop,98875.30468324512,2010-09-01,2011-01-18,-0.17236550732243805,-17042.69205338818,False
COROMANDEL.NS,388,513,203.56265258789062,180.38784790039062,stop,93691.02938106805,2010-08-02,2011-01-31,-0.11384605374747703,-10666.353966573522,False
ABBOTINDIA.NS,344,514,860.7225341796875,997.124755859375,rebal,76002.41013111685,2010-06-01,2011-02-01,0.15847409154877745,12044.412901046342,False
AEGISLOG.NS,366,514,18.43743896484375,22.6220760345459,rebal,87318.0606692704,2010-07-01,2011-02-01,0.22696411783010406,19818.06661043646,False
CHOLAFIN.NS,452,514,32.88064193725586,30.513809204101562,rebal,109959.68844412136,2010-11-01,2011-02-01,-0.07198255854222013,-7915.1797107132525,False
ELGIEQUIP.NS,494,514,41.508880615234375,34.417579650878906,rebal,103921.27413170946,2011-01-03,2011-02-01,-0.17083816424943188,-17753.719699123216,False
M&MFIN.NS,494,514,73.181396484375,66.43653106689453,rebal,103921.27413170946,2011-01-03,2011-02-01,-0.09216639394030379,-9578.049090401437,False
NATCOPHARM.NS,494,514,55.202842712402344,49.10746765136719,rebal,103921.27413170946,2011-01-03,2011-02-01,-0.11041777491045257,-11474.755855482534,False
PFOCUS.NS,494,514,70.75,51.79999923706055,rebal,103921.27413170946,2011-01-03,2011-02-01,-0.2678445337517944,-27834.745216700132,False
POONAWALLA.NS,494,514,67.1843490600586,55.25785827636719,rebal,103921.27413170946,2011-01-03,2011-02-01,-0.1775188857308102,-18447.988787587135,False
TITAN.NS,452,514,175.4654998779297,166.42965698242188,rebal,109959.68844412136,2010-11-01,2011-02-01,-0.0514964075661255,-5662.5289319626545,False
UBL.NS,431,514,400.8682556152344,432.9894714355469,rebal,106407.8504545658,2010-10-01,2011-02-01,0.0801291081804778,8526.366160326008,False
UCOBANK.NS,494,514,96.14737701416016,86.74210357666016,rebal,103921.27413170946,2011-01-03,2011-02-01,-0.09782142508281666,-10165.72713198587,False
WHIRLPOOL.NS,282,514,140.16014099121094,214.8669891357422,rebal,68223.2369963349,2010-03-02,2011-02-01,0.533010652074158,36363.712038026286,False
ECLERX.NS,494,514,154.7477264404297,141.87550354003906,rebal,103921.27413170946,2011-01-03,2011-02-01,-0.08318198397147891,-8644.377759119523,False
CHOLAFIN.NS,556,574,30.850635528564453,29.885692596435547,rebal,88367.92396894221,2011-04-01,2011-05-02,-0.03127789478552134,-2763.962628315524,False
CHOLAHLDNG.NS,556,574,78.20552825927734,79.59224700927734,rebal,88367.92396894221,2011-04-01,2011-05-02,0.01773172281891089,1566.915533899875,False
ATUL.NS,556,596,154.38592529296875,159.01748657226562,rebal,88367.92396894222,2011-04-01,2011-06-01,0.029999893257807386,2651.0282864823057,False
BAJFINANCE.NS,556,596,6.208779335021973,5.609118461608887,rebal,88367.92396894221,2011-04-01,2011-06-01,-0.09658273245927229,-8534.815558673661,False
COROMANDEL.NS,556,596,233.24008178710938,246.07504272460938,rebal,88367.92396894221,2011-04-01,2011-06-01,0.05502896774498289,4862.795637778022,False
ELGIEQUIP.NS,556,596,40.71844482421875,37.330894470214844,rebal,88367.92396894221,2011-04-01,2011-06-01,-0.08319449253594868,-7351.724591051443,False
IOB.NS,574,596,139.2456512451172,127.36359405517578,rebal,90295.25381249168,2011-05-02,2011-06-01,-0.085331621373404,-7705.040410142954,False
JUBLFOOD.NS,556,596,54.1322021484375,82.68657684326172,rebal,88367.92396894221,2011-04-01,2011-06-01,0.527493313804682,46613.48904841751,False
M&MFIN.NS,556,596,76.3397216796875,64.86955261230469,rebal,88367.92396894221,2011-04-01,2011-06-01,-0.15025164901059362,-13277.42629597633,False
NATCOPHARM.NS,556,596,49.273887634277344,49.50539016723633,rebal,88367.92396894221,2011-04-01,2011-06-01,0.004698280246877351,415.1772716408408,False
PAGEIND.NS,556,596,1371.6710205078125,1466.606689453125,rebal,88367.92396894221,2011-04-01,2011-06-01,0.06921168962960667,6116.093326951108,False
PFOCUS.NS,574,596,58.400001525878906,54.95000076293945,rebal,90295.25381249168,2011-05-02,2011-06-01,-0.059075353986260515,-5334.224082252185,False
THANGAMAYL.NS,556,596,66.7464370727539,68.9420394897461,rebal,88367.92396894221,2011-04-01,2011-06-01,0.03289467593002704,2906.834221567623,False
TITAN.NS,556,596,178.5098419189453,199.3875732421875,rebal,88367.92396894221,2011-04-01,2011-06-01,0.11695563168288503,10335.126368292793,False
UBL.NS,556,596,467.5041809082031,539.645263671875,rebal,88367.92396894221,2011-04-01,2011-06-01,0.15431109647731067,13636.151241071095,False
WOCKPHARMA.NS,556,596,279.5385437011719,303.3472595214844,rebal,88367.92396894222,2011-04-01,2011-06-01,0.08517149551213277,7526.428239737253,False
ECLERX.NS,556,596,139.61663818359375,168.26844787597656,rebal,88367.92396894221,2011-04-01,2011-06-01,0.20521773096059026,18134.66484660428,False
EICHERMOT.NS,782,804,153.77760314941406,190.07974243164062,rebal,92216.37645696795,2012-03-01,2012-04-02,0.23606909288964872,21769.436339766784,False
JWL.NS,782,804,59.5678825378418,65.12754821777344,rebal,92216.37645696795,2012-03-01,2012-04-02,0.09333327697857552,8606.85660581878,False
NAVINFLUOR.NS,782,804,48.655277252197266,49.26337814331055,rebal,92216.37645696795,2012-03-01,2012-04-02,0.012498148720051061,1152.5339873834007,False
PETRONET.NS,782,804,53.23002243041992,55.58618927001953,rebal,92216.37645696795,2012-03-01,2012-04-02,0.04426387087624262,4081.8537801662087,False
SOLARINDS.NS,782,804,158.27793884277344,155.24896240234375,rebal,92216.37645696795,2012-03-01,2012-04-02,-0.01913707281365684,-1764.7515108685861,False
IDEA.NS,782,804,55.35737609863281,59.127017974853516,rebal,92216.37645696795,2012-03-01,2012-04-02,0.06809646955636328,6279.609672000053,False
ZFCVINDIA.NS,782,804,244.44558715820312,258.788818359375,rebal,92216.37645696795,2012-03-01,2012-04-02,0.058676580616237706,5410.941647314605,False
ARE&M.NS,804,823,129.7453155517578,126.0308609008789,rebal,98378.60693966977,2012-04-02,2012-05-02,-0.028628815114308592,-2816.4629492790423,False
BRITANNIA.NS,804,823,242.92828369140625,230.51092529296875,rebal,98378.60693966977,2012-04-02,2012-05-02,-0.051115325929735556,-5028.654558234564,False
CRISIL.NS,782,823,744.9279174804688,838.3016967773438,rebal,92216.37645696795,2012-03-01,2012-05-02,0.12534605980762326,11558.959438617405,False
GMDCLTD.NS,782,823,134.10780334472656,123.9359359741211,rebal,92216.37645696795,2012-03-01,2012-05-02,-0.07584843772631555,-6994.468087042806,False
LINDEINDIA.NS,804,823,453.14166259765625,425.12445068359375,rebal,98378.60693966977,2012-04-02,2012-05-02,-0.061828814753983274,-6082.632664227775,False
SCHAEFFLER.NS,804,823,310.0364685058594,280.279296875,rebal,98378.60693966977,2012-04-02,2012-05-02,-0.09597958515740546,-9442.337882432954,False
AJANTPHARM.NS,782,845,32.418678283691406,49.520851135253906,rebal,92216.37645696795,2012-03-01,2012-06-01,0.5275407190232659,48647.89354182904,False
AVANTIFEED.NS,823,845,6.110876083374023,5.878253936767578,rebal,102335.61978857486,2012-05-02,2012-06-01,-0.03806690619031616,-3895.600438419541,False
BALKRISIND.NS,804,845,120.38088989257812,116.31427001953125,rebal,98378.60693966977,2012-04-02,2012-06-01,-0.03378127439227041,-3323.3547153583027,False
BATAINDIA.NS,782,845,296.4588317871094,369.454345703125,rebal,92216.37645696793,2012-03-01,2012-06-01,0.24622479106452988,22705.95802584496,False
GODFRYPHLP.NS,823,845,195.83773803710938,170.81658935546875,rebal,102335.61978857486,2012-05-02,2012-06-01,-0.12776469403920176,-13074.879151599347,False
GRAVITA.NS,782,845,141.6088409423828,154.68603515625,rebal,92216.37645696795,2012-03-01,2012-06-01,0.09234730068292829,8515.933444561728,False
JUBLFOOD.NS,782,845,97.92432403564453,119.9906234741211,rebal,92216.37645696795,2012-03-01,2012-06-01,0.22534032944097127,20780.068650665784,False
JWL.NS,823,845,70.58794403076172,65.37574768066406,rebal,102335.61978857486,2012-05-02,2012-06-01,-0.07383975297291867,-7556.436885518895,False
KAJARIACER.NS,782,845,67.05343627929688,69.4773178100586,rebal,92216.37645696795,2012-03-01,2012-06-01,0.03614850580760032,3333.484219910563,False
PAGEIND.NS,782,845,2222.68701171875,2606.09765625,rebal,92216.37645696796,2012-03-01,2012-06-01,0.17249871102399061,15907.206074130048,False
PVRINOX.NS,823,845,142.38255310058594,148.16969299316406,rebal,102335.61978857486,2012-05-02,2012-06-01,0.04064500717647479,4159.43200071562,False
SHREECEM.NS,804,845,3078.4541015625,2236.767333984375,rebal,98378.60693966977,2012-04-02,2012-06-01,-0.2734121542208209,-26897.90685261851,False
RAMCOCEM.NS,823,845,140.4467010498047,129.1135711669922,rebal,102335.61978857486,2012-05-02,2012-06-01,-0.08069345736211764,-8257.814972035247,False
WOCKPHARMA.NS,804,845,519.4671630859375,685.7857666015625,rebal,98378.60693966977,2012-04-02,2012-06-01,0.32017154371721146,31498.030452622843,False
ZFCVINDIA.NS,823,845,274.8822937011719,231.494384765625,rebal,102335.61978857486,2012-05-02,2012-06-01,-0.1578417742057786,-16152.835791876641,False
BATAINDIA.NS,866,888,377.23187255859375,386.14813232421875,rebal,97967.36887840356,2012-07-02,2012-08-01,0.023636019154876786,2315.5586073628265,False
CRISIL.NS,866,888,864.13037109375,728.1859130859375,rebal,97967.36887840356,2012-07-02,2012-08-01,-0.157319384383799,-15412.166161650997,False
COFORGE.NS,866,888,45.68130874633789,48.093666076660156,rebal,97967.36887840356,2012-07-02,2012-08-01,0.05280841106628009,5173.501086812631,False
EICHERMOT.NS,866,888,179.25814819335938,173.71417236328125,rebal,97967.36887840356,2012-07-02,2012-08-01,-0.030927329585587526,-3029.8691059352172,False
JUBLFOOD.NS,866,888,119.23674774169922,108.77994537353516,rebal,97967.36887840356,2012-07-02,2012-08-01,-0.08769781603584559,-8591.52429341406,False
MRF.NS,866,888,9914.8359375,9518.7685546875,rebal,97967.36887840356,2012-07-02,2012-08-01,-0.03994694267350296,-3913.496868459505,False
PAGEIND.NS,866,888,2491.254638671875,2592.1474609375,rebal,97967.36887840356,2012-07-02,2012-08-01,0.04049879956045466,3967.5608356715893,False
HAVELLS.NS,888,909,96.91161346435547,97.52362823486328,rebal,99878.05664709417,2012-08-01,2012-09-03,0.0063151850292215705,630.7484080854731,False
ULTRACEMCO.NS,888,909,1517.392333984375,1549.218505859375,rebal,99878.05664709417,2012-08-01,2012-09-03,0.020974253765623452,2094.867705733467,False
AARTIIND.NS,888,929,15.305403709411621,16.115493774414062,rebal,99878.05664709416,2012-08-01,2012-10-01,0.05292836963877656,5286.382701020064,False
BALKRISIND.NS,866,929,112.37881469726562,128.92747497558594,rebal,97967.36887840356,2012-07-02,2012-10-01,0.14725782900362772,14426.462054231271,False
KAJARIACER.NS,866,929,75.95784759521484,88.7144775390625,rebal,97967.36887840356,2012-07-02,2012-10-01,0.16794354168418124,16452.986898919728,False
APOLLOTYRE.NS,929,949,77.39508819580078,74.36986541748047,rebal,113600.28051801385,2012-10-01,2012-11-01,-0.03908804613888217,-4440.413006278083,False
AVANTIFEED.NS,866,949,6.795669078826904,8.858426094055176,rebal,97967.36887840356,2012-07-02,2012-11-01,0.30353994452954636,29737.009715056225,False
GODREJCP.NS,929,949,202.17930603027344,213.895263671875,rebal,113600.28051801385,2012-10-01,2012-11-01,0.057948352240596135,6582.949070088397,False
GRAVITA.NS,866,949,160.68679809570312,151.6311492919922,rebal,97967.36887840356,2012-07-02,2012-11-01,-0.05635589800176055,-5521.039048012162,False
WELSPUNLIV.NS,909,949,4.47367525100708,4.3580121994018555,rebal,104263.51489720795,2012-09-03,2012-11-01,-0.025854145666739492,-2695.6441018786772,False
GRANULES.NS,909,962,18.15273666381836,15.614472389221191,stop,104263.51489720795,2012-09-03,2012-11-22,-0.13982818798095498,-14578.978360601892,False
AARTIIND.NS,949,968,19.309463500976562,19.672473907470703,rebal,112970.37088071769,2012-11-01,2012-12-03,0.018799611210108536,2123.7990508192593,False
IPCALAB.NS,949,968,224.830322265625,221.83705139160156,rebal,112970.37088071769,2012-11-01,2012-12-03,-0.013313466101280813,-1504.027203169556,False
RAMCOCEM.NS,866,968,148.26748657226562,191.4468536376953,rebal,97967.36887840356,2012-07-02,2012-12-03,0.29122613503253825,28530.658197764442,False
ZENSARTECH.NS,888,968,43.755821228027344,40.7845573425293,rebal,99878.05664709414,2012-08-01,2012-12-03,-0.06790556781036561,-6782.276148416789,False
NEULANDLAB.NS,949,984,161.06275939941406,115.4703140258789,stop,112970.37088071769,2012-11-01,2012-12-26,-0.283072546028297,-31978.81051096574,False
BAJFINANCE.NS,949,988,11.807290077209473,12.485454559326172,rebal,112970.37088071767,2012-11-01,2013-01-01,0.05743608208844608,6488.575495467099,False
GRANULES.NS,968,988,16.466672897338867,15.055503845214844,rebal,115813.80908548656,2012-12-03,2013-01-01,-0.08569849300595989,-9925.068907906143,False
JWL.NS,866,988,86.72090148925781,90.74174499511719,rebal,97967.36887840356,2012-07-02,2013-01-01,0.046365333348817206,4542.2897153537215,False
SHREECEM.NS,888,988,2990.162109375,4361.90234375,rebal,99878.05664709417,2012-08-01,2013-01-01,0.4587511259253163,45819.170942086974,False
ANANTRAJ.NS,988,1011,35.52121353149414,31.444074630737305,rebal,113331.41710879139,2013-01-01,2013-02-01,-0.11478039445758026,-13008.224760183635,False
GRAVITA.NS,968,1011,153.9089813232422,147.5221405029297,rebal,115813.80908548656,2012-12-03,2013-02-01,-0.04149751863342366,-4805.9857005327485,False
WELSPUNLIV.NS,988,1011,5.278523921966553,6.663125514984131,rebal,113331.41710879139,2013-01-01,2013-02-01,0.2623084812130083,29727.791895525013,False
BBOX.NS,888,1019,27.50214958190918,26.814594268798828,stop,99878.05664709416,2012-08-01,2013-02-13,-0.025000057215986637,-2496.9571307989086,False
ATUL.NS,949,1029,375.1980285644531,311.4111328125,stop,112970.37088071769,2012-11-01,2013-02-27,-0.17000861117529975,-19205.93585738934,False
PGEL.NS,1011,1030,37.05905532836914,19.640649795532227,stop,115700.916047357,2013-02-01,2013-02-28,-0.47001752684998743,-54381.45841485676,False
KAJARIACER.NS,968,1031,116.1300277709961,88.98303985595703,rebal,115813.80908548656,2012-12-03,2013-03-01,-0.23376372533529288,-27073.067457093726,False
SHREECEM.NS,1011,1031,4177.5634765625,4091.54443359375,rebal,115700.91604735698,2013-02-01,2013-03-01,-0.02059072075178392,-2382.3652530567224,False
THANGAMAYL.NS,988,1031,145.1520233154297,110.8481216430664,rebal,113331.41710879139,2013-01-01,2013-03-01,-0.23633085429210665,-26783.71062345574,False
AARTIIND.NS,1011,1050,21.238651275634766,17.142168045043945,rebal,115700.916047357,2013-02-01,2013-04-01,-0.19287868977303446,-22316.241092754073,False
CCL.NS,968,1050,28.730066299438477,22.715309143066406,rebal,115813.80908548656,2012-12-03,2013-04-01,-0.20935409941917282,-24246.095701396054,False
JKCEMENT.NS,888,1050,199.8194122314453,247.4188690185547,rebal,99878.05664709416,2012-08-01,2013-04-01,0.23821237514189186,23792.18909846072,False
PRESTIGE.NS,988,1050,173.28436279296875,152.68638610839844,rebal,113331.41710879139,2013-01-01,2013-04-01,-0.11886806375702641,-13471.486114561969,False
MOTHERSON.NS,1031,1050,8.865906715393066,8.48202133178711,rebal,105567.35821411098,2013-03-01,2013-04-01,-0.04329905512534349,-4570.966862749674,False
WELSPUNLIV.NS,1031,1050,5.93887186050415,5.640649795532227,rebal,105567.35821411098,2013-03-01,2013-04-01,-0.05021527185242347,-5301.093591463753,False
CHOLAFIN.NS,1031,1070,55.19252014160156,50.49528884887695,rebal,105567.35821411098,2013-03-01,2013-05-02,-0.08510630209806369,-8984.447479864635,False
GLENMARK.NS,1050,1070,444.8047790527344,470.5179748535156,rebal,104182.40622768298,2013-04-01,2013-05-02,0.05780782269367846,6022.55806701068,False
WOCKPHARMA.NS,866,1086,802.1316528320312,1056.9193115234375,stop,97967.36887840356,2012-07-02,2013-05-24,0.3176382053891589,31118.179237233842,False
BERGEPAINT.NS,1050,1092,53.44975280761719,64.93946075439453,rebal,104182.40622768298,2013-04-01,2013-06-03,0.2149627892224777,22395.340630611965,False
PERSISTENT.NS,1031,1092,116.0350341796875,110.90937805175781,rebal,105567.35821411098,2013-03-01,2013-06-03,-0.04417334957640717,-4663.263818249724,False
DEEPAKNTR.NS,1050,1112,24.072561264038086,23.18754005432129,rebal,104182.40622768298,2013-04-01,2013-07-01,-0.03676472976886458,-3830.238011630839,True
SUNTV.NS,1092,1112,293.5503234863281,271.503662109375,rebal,111257.28218398336,2013-06-03,2013-07-01,-0.0751035158643929,-8355.813057534033,False
RAMCOCEM.NS,1070,1112,234.9910430908203,212.28819274902344,rebal,107768.07254979899,2013-05-02,2013-07-01,-0.09661155609672567,-10411.641186580908,False
ZEEL.NS,1050,1112,189.44781494140625,218.27496337890625,rebal,104182.40622768298,2013-04-01,2013-07-01,0.15216405872200678,15852.817779029117,False
AJANTPHARM.NS,866,1135,56.557674407958984,144.0059051513672,rebal,97967.36887840356,2012-07-02,2013-08-01,1.546177979536977,151474.98847296374,False
ARE&M.NS,929,1135,194.98703002929688,210.337890625,rebal,113600.28051801385,2012-10-01,2013-08-01,0.07872759841204124,8943.477264117428,False
ASTRAL.NS,968,1135,31.325578689575195,48.62193298339844,rebal,115813.80908548656,2012-12-03,2013-08-01,0.5521479575915793,63946.3581474525,False
CGCL.NS,1112,1135,27.914119720458984,28.286304473876953,rebal,111023.4857217969,2013-07-01,2013-08-01,0.013333207607660436,1480.2991844548421,False
EICHERMOT.NS,1112,1135,315.11187744140625,315.77581787109375,rebal,111023.4857217969,2013-07-01,2013-08-01,0.002106999060392356,233.92638009731021,False
JMFINANCIL.NS,1112,1135,21.14263916015625,15.641044616699219,rebal,111023.4857217969,2013-07-01,2013-08-01,-0.2602132355276111,-28889.780439222304,False
LTF.NS,1050,1135,62.04655456542969,51.17803192138672,rebal,104182.40622768298,2013-04-01,2013-08-01,-0.17516722274371954,-18249.34275766122,False
M&MFIN.NS,1092,1135,122.02136993408203,123.68077850341797,rebal,111257.28218398336,2013-06-03,2013-08-01,0.013599327480361634,1513.0242149949938,False
MINDACORP.NS,1050,1135,28.481016159057617,27.25905990600586,rebal,104182.40622768298,2013-04-01,2013-08-01,-0.042904236500113324,-4469.86659594339,True
PIDILITIND.NS,1112,1135,122.03693389892578,125.74334716796875,rebal,111023.4857217969,2013-07-01,2013-08-01,0.030371242136521648,3371.9211676973473,False
POLYMED.NS,1031,1135,53.01830291748047,61.212459564208984,rebal,105567.35821411098,2013-03-01,2013-08-01,0.15455335602654396,16315.789498847194,False
PVRINOX.NS,1031,1135,271.9599914550781,329.7466125488281,rebal,105567.35821411098,2013-03-01,2013-08-01,0.21248206688260285,22431.17046867042,False
MOTHERSON.NS,1070,1135,8.987011909484863,9.366328239440918,rebal,107768.07254979899,2013-05-02,2013-08-01,0.042207168942963724,4548.585244766938,False
SHREECEM.NS,1092,1135,4623.67919921875,4118.716796875,rebal,111257.28218398336,2013-06-03,2013-08-01,-0.10921224864153034,-12150.657965058095,False
UNITDSPR.NS,988,1135,379.1797790527344,464.3134765625,rebal,113331.4171087914,2013-01-01,2013-08-01,0.22452066859273545,25445.245541828022,False
BERGEPAINT.NS,1196,1215,64.25009155273438,67.49227142333984,rebal,105985.03097518417,2013-11-01,2013-12-02,0.05046187160596327,5348.203025223784,False
IPCALAB.NS,1196,1215,327.44427490234375,320.2362365722656,rebal,105985.03097518417,2013-11-01,2013-12-02,-0.022013022924978087,-2333.050916561242,False
LUPIN.NS,1196,1215,819.21484375,814.060791015625,rebal,105985.03097518416,2013-11-01,2013-12-02,-0.006291454279297559,-666.7999766703067,False
NATCOPHARM.NS,1196,1215,121.81866455078125,143.07241821289062,rebal,105985.03097518417,2013-11-01,2013-12-02,0.17447042077242236,18491.2529498186,False
POLYMED.NS,1196,1215,75.24476623535156,78.68521881103516,rebal,105985.03097518417,2013-11-01,2013-12-02,0.0457234801543871,4846.004460455935,False
MOTHERSON.NS,1196,1215,12.292433738708496,13.183389663696289,rebal,105985.03097518417,2013-11-01,2013-12-02,0.0724800266510448,7681.797869693158,False
UNITDSPR.NS,1196,1215,502.9102783203125,507.21490478515625,rebal,105985.03097518417,2013-11-01,2013-12-02,0.008559432269352074,907.1716941972705,False
AVANTIFEED.NS,1215,1236,13.448111534118652,14.362446784973145,rebal,111240.90373614404,2013-12-02,2014-01-01,0.06798986225945325,7563.253722637532,False
JMFINANCIL.NS,1215,1236,23.729917526245117,22.694849014282227,rebal,111240.90373614404,2013-12-02,2014-01-01,-0.04361871510164805,-4852.185287716724,False
SUNPHARMA.NS,1196,1236,551.2584228515625,521.8535766601562,rebal,105985.03097518417,2013-11-01,2014-01-01,-0.053341309579090224,-5653.3803479967655,False
NATCOPHARM.NS,1236,1259,147.205078125,131.6371612548828,rebal,118048.9824940314,2014-01-01,2014-02-03,-0.10575665641709453,-12484.465682008886,False
PERSISTENT.NS,1215,1259,186.87489318847656,210.5254669189453,rebal,111240.90373614406,2013-12-02,2014-02-03,0.12655832641260956,14078.462605472598,False
TECHM.NS,1215,1259,290.98590087890625,303.5992431640625,rebal,111240.90373614404,2013-12-02,2014-02-03,0.043346919033047104,4821.950447413623,False
IDEA.NS,1196,1259,100.27879333496094,83.38722229003906,rebal,105985.03097518416,2013-11-01,2014-02-03,-0.16844609396623889,-17852.76448666061,False
NEULANDLAB.NS,1215,1275,245.15390014648438,230.60580444335938,stop,111240.90373614404,2013-12-02,2014-02-25,-0.05934270551858334,-6601.336192035073,False
BRITANNIA.NS,1196,1278,397.00341796875,365.8961181640625,rebal,105985.03097518417,2013-11-01,2014-03-03,-0.07835524430456187,-8304.482994687112,False
EICHERMOT.NS,1196,1278,362.2379150390625,471.7651672363281,rebal,105985.03097518417,2013-11-01,2014-03-03,0.30236275014296776,32045.92543964431,False
TVSMOTOR.NS,1259,1278,73.39397430419922,81.1634521484375,rebal,111945.27474431496,2014-02-03,2014-03-03,0.10585988724409146,11850.514161942021,False
TRIDENT.NS,1236,1278,1.338966727256775,1.0704480409622192,rebal,118048.98249403138,2014-01-01,2014-03-03,-0.20054171685407507,-23673.745622229708,False
PVRINOX.NS,1196,1298,579.3870239257812,492.4353332519531,rebal,105985.03097518417,2013-11-01,2014-04-01,-0.1500753159514434,-15905.73700972428,False
CYIENT.NS,1259,1317,267.0557861328125,229.06741333007812,rebal,111945.27474431496,2014-02-03,2014-05-02,-0.14224882880403855,-15924.084222525118,False
HCLTECH.NS,1196,1317,193.23614501953125,252.2671356201172,rebal,105985.03097518416,2013-11-01,2014-05-02,0.3054862773971163,32376.972572427072,False
PERSISTENT.NS,1278,1317,245.32139587402344,222.72201538085938,rebal,116572.02704643481,2014-03-03,2014-05-02,-0.09212152251395644,-10738.792614055685,False
PIIND.NS,1215,1317,219.4996795654297,237.65855407714844,rebal,111240.90373614404,2013-12-02,2014-05-02,0.08272847845459319,9202.790708005068,False
ECLERX.NS,1278,1317,310.75982666015625,291.17291259765625,rebal,116572.02704643481,2014-03-03,2014-05-02,-0.06302910602379774,-7347.430652118758,False
AJANTPHARM.NS,1196,1338,216.4597625732422,259.33404541015625,rebal,105985.03097518417,2013-11-01,2014-06-02,0.198070451187929,20992.50290442136,False
EICHERMOT.NS,1317,1338,571.4097290039062,629.3336791992188,rebal,125282.26585063424,2014-05-02,2014-06-02,0.10137025544924971,12699.895292539606,False
ESCORTS.NS,1259,1338,117.26056671142578,119.31041717529297,rebal,111945.27474431496,2014-02-03,2014-06-02,0.017481157744289266,1956.933006533171,False
AIAENG.NS,1338,1359,709.9309692382812,700.7796020507812,rebal,137225.33769952363,2014-06-02,2014-07-01,-0.012890502857367814,-1768.9036077189726,False
ASTRAL.NS,1196,1359,56.82868957519531,159.6015625,rebal,105985.03097518417,2013-11-01,2014-07-01,1.8084681116712424,191670.54883310947,False
CIEINDIA.NS,1317,1359,104.12250518798828,155.14537048339844,rebal,125282.26585063423,2014-05-02,2014-07-01,0.49002725398597335,61391.72470792697,False
TATAELXSI.NS,1278,1359,273.1770935058594,265.5620422363281,rebal,116572.02704643481,2014-03-03,2014-07-01,-0.027875877775117797,-3249.547577944143,False
APOLLOTYRE.NS,1359,1381,172.04885864257812,143.17144775390625,rebal,173691.49299277758,2014-07-01,2014-08-01,-0.1678442456201531,-29153.11761201086,False
BEML.NS,1338,1381,258.8447265625,235.77804565429688,rebal,137225.33769952363,2014-06-02,2014-08-01,-0.08911396888216494,-12228.694473599924,False
CEATLTD.NS,1215,1381,256.78472900390625,436.0,rebal,111240.90373614404,2013-12-02,2014-08-01,0.6979202840109993,77637.28312916988,False
FINCABLES.NS,1317,1381,121.56153869628906,181.7638702392578,rebal,125282.26585063424,2014-05-02,2014-08-01,0.49524160510487647,62044.99043104395,False
FSL.NS,1236,1381,17.12973403930664,28.833765029907227,rebal,118048.9824940314,2014-01-01,2014-08-01,0.6832581850800485,80657.93352941831,False
NCC.NS,1359,1381,42.39547348022461,37.90724182128906,rebal,173691.49299277758,2014-07-01,2014-08-01,-0.10586582223286367,-18387.99272053408,False
NEULANDLAB.NS,1317,1381,248.1924285888672,301.953857421875,rebal,125282.26585063424,2014-05-02,2014-08-01,0.21661188110642993,27137.62727518173,False
BALKRISIND.NS,1381,1400,340.30059814453125,324.521484375,rebal,171511.22318744502,2014-08-01,2014-09-01,-0.04636816348712269,-7952.66043663184,False
DEEPAKNTR.NS,1359,1400,83.38807678222656,71.03645324707031,rebal,173691.49299277758,2014-07-01,2014-09-01,-0.1481221777954338,-25727.562206630544,False
JKTYRE.NS,1381,1400,50.02732467651367,48.917484283447266,rebal,171511.22318744502,2014-08-01,2014-09-01,-0.022184684075009953,-3804.922301731989,False
KEC.NS,1359,1400,115.95536041259766,97.36354064941406,rebal,173691.49299277758,2014-07-01,2014-09-01,-0.16033600945251114,-27849.00086231076,False
NAVINFLUOR.NS,1381,1400,102.17639923095703,112.80016326904297,rebal,171511.22318744502,2014-08-01,2014-09-01,0.1039747350469089,17832.833988485854,False
STLTECH.NS,1381,1400,49.774349212646484,60.503684997558594,rebal,171511.22318744502,2014-08-01,2014-09-01,0.21555953929350502,36970.88025395117,False
NCC.NS,1400,1422,35.86035919189453,33.182411193847656,rebal,190597.37933599632,2014-09-01,2014-10-01,-0.07467711027981472,-14233.261515717875,False
RHIM.NS,1381,1422,80.76428985595703,81.51875305175781,rebal,171511.22318744502,2014-08-01,2014-10-01,0.009341544352663433,1602.1796983850747,False
WELSPUNLIV.NS,1381,1422,20.95467185974121,27.531848907470703,rebal,171511.22318744502,2014-08-01,2014-10-01,0.313876403875633,53833.325958386326,False
AARTIIND.NS,1422,1440,63.81036376953125,70.87383270263672,rebal,225650.40273772765,2014-10-01,2014-11-03,0.11069469778635233,24978.30313642145,False
APARINDS.NS,1422,1440,341.70989990234375,357.4538879394531,rebal,225650.40273772762,2014-10-01,2014-11-03,0.046074134936122224,10396.647104128386,False
FINCABLES.NS,1400,1440,202.52120971679688,210.4105224609375,rebal,190597.37933599632,2014-09-01,2014-11-03,0.038955488934580895,7424.814101683522,False
KEC.NS,1422,1440,96.17948913574219,92.6729507446289,rebal,225650.40273772765,2014-10-01,2014-11-03,-0.036458276318814264,-8226.824734463797,False
RKFORGE.NS,1400,1440,49.64921569824219,52.91281509399414,rebal,190597.37933599632,2014-09-01,2014-11-03,0.06573315106501276,12528.566328488589,False
JBMA.NS,1317,1455,7.169265270233154,39.78971481323242,stop,125282.26585063423,2014-05-02,2014-11-26,4.5500408080085455,570039.4221401612,False
ATUL.NS,1400,1458,1292.1907958984375,1205.503662109375,rebal,190597.37933599632,2014-09-01,2014-12-01,-0.06708539796461754,-12786.301043768484,False
AUROPHARMA.NS,1259,1480,220.53848266601562,532.2208251953125,rebal,111945.27474431496,2014-02-03,2015-01-01,1.4132787110960128,158209.87360393448,False
CEATLTD.NS,1400,1480,529.6349487304688,773.8861694335938,rebal,190597.37933599632,2014-09-01,2015-01-01,0.4611690019485939,87897.60320239897,False
STLTECH.NS,1458,1480,61.23265075683594,57.26892852783203,rebal,252596.8611102815,2014-12-01,2015-01-01,-0.06473216788775715,-16351.142421311217,False
IIFL.NS,1480,1501,80.4174575805664,81.80828857421875,rebal,260040.142911606,2015-01-01,2015-02-02,0.017295137591970544,4497.430051091909,False
JKTYRE.NS,1440,1507,84.90973663330078,104.04936981201172,stop,241379.53106463366,2014-11-03,2015-02-10,0.22541152449181623,54409.72807839879,False
CIEINDIA.NS,1440,1520,206.451416015625,201.87306213378906,rebal,241379.5310646336,2014-11-03,2015-03-02,-0.0221764227642276,-5352.934527520323,False
CEMPRO.NS,1501,1520,47.622955322265625,69.63143920898438,rebal,277282.4577780218,2015-02-02,2015-03-02,0.46214023757632927,128143.38091328349,False
GRANULES.NS,1278,1520,25.28973960876465,71.92548370361328,rebal,116572.02704643481,2014-03-03,2015-03-02,1.8440578992235297,214965.56730347706,False
WELSPUNLIV.NS,1440,1520,27.46912384033203,31.577648162841797,rebal,241379.53106463366,2014-11-03,2015-03-02,0.1495688157507722,36102.85060781398,False
GABRIEL.NS,1440,1541,73.8350601196289,80.81816864013672,rebal,241379.53106463363,2014-11-03,2015-04-01,0.094577135972987,22828.984730595694,False
JKCEMENT.NS,1520,1541,681.104248046875,638.6395263671875,rebal,283750.9627301506,2015-03-02,2015-04-01,-0.062346875388692324,-17690.98591475818,False
JKTYRE.NS,1520,1541,99.53291320800781,100.29983520507812,rebal,283750.9627301506,2015-03-02,2015-04-01,0.007705209988856376,2186.3607523759697,False
SRF.NS,1338,1541,85.65647888183594,189.03134155273438,rebal,137225.33769952363,2014-06-02,2015-04-01,1.2068539825633646,165610.94531127272,False
TVSMOTOR.NS,1298,1541,89.21044158935547,238.15061950683594,rebal,119015.38145084755,2014-04-01,2015-04-01,1.6695375032786735,198700.64279920695,False
WHIRLPOOL.NS,1520,1541,656.5676879882812,705.1610107421875,rebal,283750.9627301506,2015-03-02,2015-04-01,0.0740111395106815,21000.732088911365,False
NBCC.NS,1400,1557,17.052139282226562,30.257211685180664,stop,190597.37933599632,2014-09-01,2015-04-28,0.7743938859752186,147597.44524069503,False
ASHOKLEY.NS,1520,1560,29.71763801574707,29.045480728149414,rebal,283750.9627301506,2015-03-02,2015-05-04,-0.022618126219906443,-6417.915090050516,False
AVANTIFEED.NS,1278,1560,25.047679901123047,103.5260009765625,rebal,116572.02704643481,2014-03-03,2015-05-04,3.133157297811075,365238.4972611673,True
BEL.NS,1541,1560,29.080745697021484,26.080875396728516,rebal,293732.88010941964,2015-04-01,2015-05-04,-0.10315658104325098,-30300.47965207487,False
BEML.NS,1458,1560,271.15582275390625,387.0010070800781,rebal,252596.8611102815,2014-12-01,2015-05-04,0.42722735270674916,107916.28827417995,False
CCL.NS,1440,1560,117.18993377685547,173.0682830810547,rebal,241379.53106463363,2014-11-03,2015-05-04,0.47681867804959,115094.26891046856,False
CEMPRO.NS,1541,1560,76.46583557128906,66.28202819824219,rebal,293732.88010941964,2015-04-01,2015-05-04,-0.13318114288507987,-39119.68067589865,False
HBLENGINE.NS,1541,1560,48.726585388183594,49.88124465942383,rebal,293732.88010941964,2015-04-01,2015-05-04,0.023696699902970186,6960.499911588037,False
KEI.NS,1381,1560,31.622695922851562,69.22370910644531,rebal,171511.22318744502,2014-08-01,2015-05-04,1.1890514735153261,203935.67265544747,False
KPRMILL.NS,1541,1560,46.74103546142578,60.65196228027344,rebal,293732.88010941964,2015-04-01,2015-05-04,0.29761700145320913,87419.89900638045,False
MINDACORP.NS,1480,1560,82.44889068603516,88.49787902832031,rebal,260040.14291160597,2015-01-01,2015-05-04,0.07336652187740977,19078.240833929103,False
NCC.NS,1480,1560,71.75043487548828,82.13079833984375,rebal,260040.14291160597,2015-01-01,2015-05-04,0.1446731783907509,37620.83398420713,False
RKFORGE.NS,1520,1560,85.97367095947266,101.66405487060547,rebal,283750.9627301506,2015-03-02,2015-05-04,0.182502197894157,51785.174352835515,False
SOLARINDS.NS,1541,1560,651.9730224609375,667.0470581054688,rebal,293732.88010941964,2015-04-01,2015-05-04,0.023120643224826765,6791.293124410706,False
WELSPUNLIV.NS,1541,1560,34.20988082885742,44.838096618652344,rebal,293732.8801094197,2015-04-01,2015-05-04,0.3106767849606067,91255.98682961384,False
CANFINHOME.NS,1580,1602,124.4926986694336,142.1608428955078,rebal,297722.23113084515,2015-06-01,2015-07-01,0.14192112802525525,42253.074880285305,False
CEMPRO.NS,1580,1602,63.005184173583984,66.34978485107422,rebal,297722.23113084515,2015-06-01,2015-07-01,0.05308453139785474,15804.445126304716,False
NATCOPHARM.NS,1580,1602,407.27862548828125,431.7222900390625,rebal,297722.23113084515,2015-06-01,2015-07-01,0.060017057171797505,17868.412167095044,False
UNOMINDA.NS,1580,1602,16.796810150146484,16.06796646118164,rebal,297722.23113084515,2015-06-01,2015-07-01,-0.04339179180152175,-12918.70106791417,False
KEI.NS,1580,1625,71.98297119140625,103.6903305053711,rebal,297722.23113084515,2015-06-01,2015-08-03,0.4404841699247648,131141.9298478193,False
MINDACORP.NS,1580,1625,85.78437805175781,70.1698989868164,rebal,297722.23113084515,2015-06-01,2015-08-03,-0.18202007661022435,-54191.423319003356,False
NBCC.NS,1602,1625,39.15196228027344,42.03765869140625,rebal,308159.289096653,2015-07-01,2015-08-03,0.0737050263400656,22712.888519804696,False
PAGEIND.NS,1602,1625,13416.8125,12131.5048828125,rebal,308159.289096653,2015-07-01,2015-08-03,-0.0957982842189603,-29521.13116159392,False
TIMKEN.NS,1580,1625,593.4444580078125,565.7362060546875,rebal,297722.23113084515,2015-06-01,2015-08-03,-0.046690556427372076,-13900.816632297836,False
WHIRLPOOL.NS,1580,1625,724.8308715820312,734.1814575195312,rebal,297722.23113084515,2015-06-01,2015-08-03,0.012900369319385208,3840.7267361792665,False
HBLENGINE.NS,1580,1641,48.079986572265625,33.57746505737305,stop,297722.23113084515,2015-06-01,2015-08-25,-0.30163322722844077,-89802.91739364857,False
AEGISLOG.NS,1580,1646,61.919681549072266,71.4361343383789,rebal,297722.23113084515,2015-06-01,2015-09-01,0.15369027345149888,45757.01111508995,False
AJANTPHARM.NS,1580,1646,967.9365844726562,913.1223754882812,rebal,297722.23113084515,2015-06-01,2015-09-01,-0.05662995888748068,-16859.99770882878,False
AVANTIFEED.NS,1625,1646,147.19627380371094,148.14642333984375,rebal,340442.8038938552,2015-08-03,2015-09-01,0.006454983618674026,2197.5527222302894,False
BAJFINANCE.NS,1625,1646,54.66539001464844,47.4762077331543,rebal,340442.8038938552,2015-08-03,2015-09-01,-0.1315125032414054,-44772.485350603776,False
BRITANNIA.NS,1602,1646,1167.1756591796875,1255.01953125,rebal,308159.289096653,2015-07-01,2015-09-01,0.07526191227467072,23192.65738261719,False
CCL.NS,1580,1646,158.88885498046875,193.77040100097656,rebal,297722.23113084515,2015-06-01,2015-09-01,0.219534252574201,65360.22748603361,False
CAPLIPOINT.NS,1625,1646,241.68128967285156,261.89105224609375,rebal,340442.8038938552,2015-08-03,2015-09-01,0.08362154389609078,28468.352869918235,False
EICHERMOT.NS,1602,1646,1867.05517578125,1675.046142578125,rebal,308159.289096653,2015-07-01,2015-09-01,-0.10284057787568102,-31691.279368458843,False
EMAMILTD.NS,1625,1646,562.9273681640625,496.6158447265625,rebal,340442.8038938552,2015-08-03,2015-09-01,-0.11779765416943422,-40103.36367756087,False
KPRMILL.NS,1580,1646,57.86222839355469,67.84546661376953,rebal,297722.23113084515,2015-06-01,2015-09-01,0.17253463092214538,51367.39526547803,False
RKFORGE.NS,1580,1646,109.04094696044922,119.74903106689453,rebal,297722.23113084515,2015-06-01,2015-09-01,0.09820241299196808,29237.04149840143,False
SRF.NS,1625,1646,261.94891357421875,216.58416748046875,rebal,340442.8038938552,2015-08-03,2015-09-01,-0.173181653913967,-58958.44784144617,False
WELSPUNLIV.NS,1580,1646,51.637638092041016,69.39827728271484,rebal,297722.23113084515,2015-06-01,2015-09-01,0.3439475515711339,102400.8324457494,False
WOCKPHARMA.NS,1625,1646,1442.073486328125,1176.98486328125,rebal,340442.8038938552,2015-08-03,2015-09-01,-0.1838246286060331,-62581.77198738449,False
AARTIIND.NS,1827,1849,122.24739074707031,124.0621337890625,rebal,304576.87683941907,2016-06-01,2016-07-01,0.014844840702955331,4521.395218484821,False
AEGISLOG.NS,1827,1849,102.0323257446289,114.27619934082031,rebal,304576.87683941907,2016-06-01,2016-07-01,0.11999994616251253,36549.2088230765,False
ASHOKLEY.NS,1827,1849,42.846656799316406,40.77508544921875,rebal,304576.87683941907,2016-06-01,2016-07-01,-0.048348494488155924,-14725.833451090399,False
BAJFINANCE.NS,1827,1849,73.72645568847656,78.78922271728516,rebal,304576.87683941907,2016-06-01,2016-07-01,0.06866961094943713,20915.175636757536,False
LTFOODS.NS,1827,1849,20.763736724853516,22.3350887298584,rebal,304576.87683941907,2016-06-01,2016-07-01,0.07567770800734652,23049.6799512431,False
ATUL.NS,1849,1869,1936.8717041015625,1846.363525390625,rebal,317589.0369012496,2016-07-01,2016-08-01,-0.04672905206848521,-14840.634641738563,False
BSOFT.NS,1849,1869,81.17076110839844,68.49026489257812,rebal,317589.0369012496,2016-07-01,2016-08-01,-0.15621999895856964,-49613.75901396635,False
CANFINHOME.NS,1827,1869,222.9436798095703,257.04827880859375,rebal,304576.87683941907,2016-06-01,2016-08-01,0.15297405617487891,46592.36026720247,False
GRANULES.NS,1827,1869,128.1814422607422,133.8448028564453,rebal,304576.87683941907,2016-06-01,2016-08-01,0.044182375356511594,13456.929897433216,False
KEI.NS,1849,1869,111.75316619873047,111.36430358886719,rebal,317589.0369012496,2016-07-01,2016-08-01,-0.0034796563094396937,-1105.100696062309,False
TRIDENT.NS,1827,1869,4.0144548416137695,3.5744612216949463,rebal,304576.87683941907,2016-06-01,2016-08-01,-0.10960233388550222,-33382.336549157495,False
WELSPUNLIV.NS,1827,1869,97.79589080810547,98.25790405273438,rebal,304576.87683941907,2016-06-01,2016-08-01,0.004724260301851135,1438.90044811427,False
ESCORTS.NS,1869,1891,243.8688201904297,311.5787658691406,rebal,322145.37911878974,2016-08-01,2016-09-01,0.2776490476553679,89443.35771890942,False
GALLANTT.NS,1869,1891,37.82148361206055,41.495853424072266,rebal,322145.37911878974,2016-08-01,2016-09-01,0.09715033523539596,31296.53157592415,False
KPRMILL.NS,1869,1891,106.48739624023438,109.45153045654297,rebal,322145.37911878974,2016-08-01,2016-09-01,0.027835540364059108,8967.090703556196,False
NAVINFLUOR.NS,1827,1891,392.2990417480469,443.8619384765625,rebal,304576.87683941907,2016-06-01,2016-09-01,0.13143773305883255,40032.894233912484,False
NEULANDLAB.NS,1827,1891,801.5078735351562,988.48291015625,rebal,304576.87683941907,2016-06-01,2016-09-01,0.23327910154695752,71051.42018107802,False
PGEL.NS,1869,1891,18.67684555053711,16.100038528442383,rebal,322145.37911878974,2016-08-01,2016-09-01,-0.13796799974183127,-44445.75358309332,False
APLAPOLLO.NS,1827,1911,83.20890808105469,82.52845001220703,rebal,304576.87683941907,2016-06-01,2016-10-03,-0.00817770698522824,-2490.7404532687183,False
CANFINHOME.NS,1891,1911,280.62261962890625,312.88262939453125,rebal,332175.7688724294,2016-09-01,2016-10-03,0.11495869366584,38186.492457020475,False
CEMPRO.NS,1827,1911,125.3133773803711,139.93084716796875,rebal,304576.87683941907,2016-06-01,2016-10-03,0.11664732124510846,35528.07679651955,False
EIDPARRY.NS,1849,1911,238.1775360107422,230.70745849609375,rebal,317589.0369012496,2016-07-01,2016-10-03,-0.03136348473397388,-9960.698910529809,False
JSWSTEEL.NS,1869,1911,151.6416778564453,158.6195526123047,rebal,322145.37911878974,2016-08-01,2016-10-03,0.046015547008554814,14823.695836429382,False
PETRONET.NS,1891,1911,119.16487121582031,121.15544891357422,rebal,332175.7688724294,2016-09-01,2016-10-03,0.016704400193147118,5548.796977711401,False
BALRAMCHIN.NS,1827,1929,96.1533432006836,101.64397430419922,rebal,304576.87683941907,2016-06-01,2016-11-01,0.05710286216523963,17392.211416880513,False
HINDALCO.NS,1911,1929,144.77182006835938,147.44931030273438,rebal,347143.03399856517,2016-10-03,2016-11-01,0.018494553933982028,6420.25556509262,False
HINDZINC.NS,1891,1929,100.9681396484375,121.87274169921875,rebal,332175.7688724294,2016-09-01,2016-11-01,0.2070415689896763,68774.19236769986,False
INDIACEM.NS,1911,1929,145.36898803710938,153.9880828857422,rebal,347143.03399856517,2016-10-03,2016-11-01,0.05929115256984896,20582.51059236919,False
NAVINFLUOR.NS,1911,1929,427.7063293457031,467.4912109375,rebal,347143.03399856517,2016-10-03,2016-11-01,0.09301915557962159,32290.9518878944,False
MANAPPURAM.NS,1849,1943,59.408843994140625,61.68463134765625,stop,317589.0369012496,2016-07-01,2016-11-22,0.03830721489447053,12165.951484704101,False
SARDAEN.NS,1929,1943,25.87619972229004,17.064889907836914,stop,364091.01224577875,2016-11-01,2016-11-22,-0.3405179241549511,-123979.51569340745,False
ESCORTS.NS,1911,1943,385.090087890625,276.30145263671875,stop,347143.03399856517,2016-10-03,2016-11-22,-0.28250177990767933,-98068.5249871467,False
UNOMINDA.NS,1827,1944,37.596073150634766,47.017574310302734,stop,304576.87683941907,2016-06-01,2016-11-23,0.2505980111784334,76326.35958689707,False
AEGISLOG.NS,1929,1950,143.25338745117188,135.86094665527344,rebal,364091.01224577875,2016-11-01,2016-12-01,-0.051603951064809306,-18788.534779068053,False
BAJAJFINSV.NS,1929,1950,344.2682800292969,292.5518798828125,rebal,364091.0122457787,2016-11-01,2016-12-01,-0.15022121742404893,-54694.195112715184,False
JSWSTEEL.NS,1929,1950,149.24095153808594,150.4480438232422,rebal,364091.01224577875,2016-11-01,2016-12-01,0.008088210861133538,2944.844879687412,False
CHOLAFIN.NS,1891,1959,225.3975830078125,156.7113494873047,stop,332175.7688724294,2016-09-01,2016-12-14,-0.3047336737329924,-101225.1423735768,False
MUTHOOTFIN.NS,1891,1963,305.51458740234375,224.34388732910156,stop,332175.7688724294,2016-09-01,2016-12-20,-0.2656851863061629,-88254.18103926431,False
BAJFINANCE.NS,1891,1964,107.75699615478516,76.13860321044922,stop,332175.7688724294,2016-09-01,2016-12-21,-0.29342311007740407,-97468.04719490118,False
BIOCON.NS,1869,1972,135.31610107421875,155.9304656982422,rebal,322145.37911878974,2016-08-01,2017-01-02,0.15234228935340655,49076.364559577516,False
CGCL.NS,1929,1972,64.89635467529297,52.69361877441406,rebal,364091.01224577875,2016-11-01,2017-01-02,-0.18803422722177454,-68461.57212602865,False
ESCORTS.NS,1950,1972,301.854248046875,303.5577087402344,rebal,308862.45483188,2016-12-01,2017-01-02,0.0056433219157308034,1743.0102602991637,False
HINDALCO.NS,1950,1972,160.97763061523438,149.23428344726562,rebal,308862.45483188,2016-12-01,2017-01-02,-0.07295018023987121,-22531.571749314728,False
HINDZINC.NS,1950,1972,123.84894561767578,116.890869140625,rebal,308862.45483188,2016-12-01,2017-01-02,-0.05618195974417506,-17352.498003851768,False
HSCL.NS,1869,1972,33.859718322753906,33.12070083618164,rebal,322145.37911878974,2016-08-01,2017-01-02,-0.021825860437700184,-7031.10008529672,False
JMFINANCIL.NS,1950,1972,56.89380645751953,57.02013397216797,rebal,308862.45483188,2016-12-01,2017-01-02,0.0022204089076507394,685.8009459475805,False
PCBL.NS,1911,1972,19.227209091186523,16.668529510498047,rebal,347143.0339985651,2016-10-03,2017-01-02,-0.13307597418604755,-46196.397431259276,False
PRIVISCL.NS,1911,1972,336.7224426269531,379.52960205078125,rebal,347143.03399856517,2016-10-03,2017-01-02,0.12712891689032202,44131.91791825782,False
SARDAEN.NS,1950,1972,21.51327896118164,20.640689849853516,rebal,308862.45483188,2016-12-01,2017-01-02,-0.04056048884517405,-12527.612153901542,False
UNOMINDA.NS,1950,1972,49.00957489013672,50.67897415161133,rebal,308862.45483188,2016-12-01,2017-01-02,0.03406271662663585,10520.694275545442,False
VEDL.NS,1950,1972,75.96553802490234,73.97350311279297,rebal,308862.45483188,2016-12-01,2017-01-02,-0.026222876371340464,-8099.261968805117,False
BIOCON.NS,1993,2012,166.6184844970703,182.515380859375,rebal,292807.236732749,2017-02-01,2017-03-01,0.09540896023804724,27936.434006847332,False
HINDZINC.NS,1993,2012,138.12535095214844,143.3044891357422,rebal,292807.236732749,2017-02-01,2017-03-01,0.037495927777863036,10979.079001366801,False
JMFINANCIL.NS,1993,2012,63.04220199584961,71.62342071533203,rebal,292807.236732749,2017-02-01,2017-03-01,0.1361186387500768,39856.522480233274,False
HINDPETRO.NS,2012,2034,148.48919677734375,150.34776306152344,rebal,309536.7176155708,2017-03-01,2017-04-03,0.012516508436412055,3874.318937414588,False
NATIONALUM.NS,1993,2034,43.92595672607422,44.325496673583984,rebal,292807.236732749,2017-02-01,2017-04-03,0.009095759712220541,2663.304267320361,False
PRIVISCL.NS,1993,2034,398.9840087890625,408.91741943359375,rebal,292807.236732749,2017-02-01,2017-04-03,0.024896763844445058,7289.952624879769,False
SWANCORP.NS,1993,2034,170.747802734375,140.6070556640625,rebal,292807.236732749,2017-02-01,2017-04-03,-0.17652202012345164,-51686.92493483058,False
UNOMINDA.NS,1993,2034,57.106605529785156,71.25523376464844,rebal,292807.236732749,2017-02-01,2017-04-03,0.2477581726948166,72545.38592472447,False
USHAMART.NS,2012,2034,18.462976455688477,17.22256851196289,rebal,309536.7176155708,2017-03-01,2017-04-03,-0.06718353060258675,-20795.769540549954,False
BIOCON.NS,2034,2052,185.2918243408203,178.01902770996094,rebal,326466.65632723324,2017-04-03,2017-05-02,-0.039250499350052315,-12813.979281985821,False
HINDALCO.NS,1993,2052,186.81295776367188,188.128173828125,rebal,292807.236732749,2017-02-01,2017-05-02,0.007040282859377189,2061.4457698711717,False
JMFINANCIL.NS,2034,2052,76.29634857177734,99.49112701416016,rebal,326466.65632723324,2017-04-03,2017-05-02,0.3040090237157529,99248.80946578839,False
SARDAEN.NS,1993,2052,21.544757843017578,22.01703453063965,rebal,292807.236732749,2017-02-01,2017-05-02,0.021920723874607306,6418.546584905364,False
ITI.NS,2052,2068,111.1500015258789,73.19999694824219,stop,350067.17005617433,2017-05-02,2017-05-24,-0.3414305358223577,-119523.62144609602,False
OLECTRA.NS,2034,2074,78.89474487304688,67.46722412109375,stop,326466.65632723324,2017-04-03,2017-06-01,-0.1448451448869208,-47287.110136466676,False
MANAPPURAM.NS,1993,2074,70.21012878417969,74.5574951171875,rebal,292807.2367327489,2017-02-01,2017-06-01,0.06191936132707099,18130.43709043629,False
SWANCORP.NS,2052,2074,157.91563415527344,124.09432220458984,rebal,350067.17005617433,2017-05-02,2017-06-01,-0.21417329659347195,-74975.0398400784,False
BAJAJFINSV.NS,2034,2095,407.9034729003906,411.1332092285156,rebal,326466.65632723324,2017-04-03,2017-07-03,0.007917893675089438,2584.9282732609972,False
FACT.NS,2074,2095,49.33719253540039,44.802154541015625,rebal,346814.505746137,2017-06-01,2017-07-03,-0.09191925525820688,-31878.93108092802,False
HSCL.NS,1993,2095,42.06427764892578,75.43067932128906,rebal,292807.236732749,2017-02-01,2017-07-03,0.7932241687553472,232261.77696288496,False
SUNTV.NS,2052,2095,720.3541259765625,644.37744140625,rebal,350067.17005617433,2017-05-02,2017-07-03,-0.10547129783884168,-36922.038756595204,False
VEDL.NS,1993,2095,87.2314682006836,91.05677795410156,rebal,292807.236732749,2017-02-01,2017-07-03,0.043852405930134175,12840.301804485403,False
INDIANB.NS,1993,2116,226.0634765625,258.0196533203125,rebal,292807.236732749,2017-02-01,2017-08-01,0.14135930864965496,41391.02855215725,False
JMFINANCIL.NS,2074,2116,104.91030883789062,102.5998764038086,rebal,346814.505746137,2017-06-01,2017-08-01,-0.022022930441012778,-7637.871735981402,False
RECLTD.NS,2074,2116,71.11444091796875,65.65132141113281,rebal,346814.505746137,2017-06-01,2017-08-01,-0.07682152086575078,-26642.817789721907,False
BALKRISIND.NS,2116,2137,736.8363647460938,760.3760986328125,rebal,378262.4166799424,2017-08-01,2017-09-01,0.031947030593190595,12084.360997928328,False
CANFINHOME.NS,2095,2137,600.6795654296875,537.1694946289062,rebal,356474.17702903185,2017-07-03,2017-09-01,-0.10573036683102455,-37690.14550306712,False
ESCORTS.NS,1993,2137,359.4426574707031,615.34912109375,rebal,292807.236732749,2017-02-01,2017-09-01,0.7119535155448402,208465.1415688509,False
IIFL.NS,2116,2137,291.1652526855469,300.3556213378906,rebal,378262.4166799424,2017-08-01,2017-09-01,0.03156409828294038,11939.512096828248,False
CAPLIPOINT.NS,2095,2158,547.568359375,669.051025390625,rebal,356474.17702903185,2017-07-03,2017-10-03,0.22185844732571214,79086.80742737204,False
LTFOODS.NS,2034,2158,59.990753173828125,57.60909652709961,rebal,326466.65632723324,2017-04-03,2017-10-03,-0.039700395823127455,-12960.855479244077,False
MOTILALOFS.NS,2034,2178,723.4134521484375,1322.6368408203125,rebal,326466.65632723324,2017-04-03,2017-11-01,0.8283276830037716,270421.3690135257,False
STLTECH.NS,2137,2178,217.3663330078125,275.11529541015625,rebal,410989.3329839007,2017-09-01,2017-11-01,0.2656757447358149,109189.89711897363,False
CHAMBLFERT.NS,2158,2200,115.2549057006836,119.44002532958984,rebal,478605.54331351485,2017-10-03,2017-12-01,0.03631185677922444,17379.05594254325,False
KEC.NS,2158,2200,288.0299072265625,292.2574157714844,rebal,478605.54331351485,2017-10-03,2017-12-01,0.014677324954302629,7024.649084143019,False
LTFOODS.NS,2178,2200,62.96276092529297,64.56427764892578,rebal,564265.6550377212,2017-11-01,2017-12-01,0.025435935465616843,14352.624787003491,False
MOTILALOFS.NS,2200,2220,1230.6112060546875,1423.6397705078125,rebal,576832.8369292751,2017-12-01,2018-01-01,0.15685584813742293,90479.60387005721,False
STLTECH.NS,2200,2220,252.7744140625,275.25579833984375,rebal,576832.8369292751,2017-12-01,2018-01-01,0.08893852789936685,51302.663360505256,False
ITI.NS,2095,2242,91.1500015258789,117.05000305175781,rebal,356474.17702903185,2017-07-03,2018-02-01,0.2841470224059788,101291.07596742116,False
JSL.NS,2012,2242,57.91978073120117,107.0757064819336,rebal,309536.7176155708,2017-03-01,2018-02-01,0.8486897762762473,262700.64762244275,False
PCBL.NS,1993,2244,19.197546005249023,76.18883514404297,stop,292807.236732749,2017-02-01,2018-02-05,2.96867574236891,869249.7408785828,False
PGEL.NS,2200,2246,40.130245208740234,32.120174407958984,stop,576832.8369292751,2017-12-01,2018-02-07,-0.19960184043522078,-115136.8958745529,False
KEI.NS,2178,2261,322.526123046875,376.166259765625,rebal,564265.6550377212,2017-11-01,2018-03-01,0.1663125337322029,93844.45078738456,False
MOTILALOFS.NS,2242,2261,1232.626953125,1108.8548583984375,rebal,646209.7705107221,2018-02-01,2018-03-01,-0.10041326324462652,-64888.031797542826,False
THANGAMAYL.NS,2220,2261,264.8096923828125,226.83583068847656,rebal,623713.7001634301,2018-01-01,2018-03-01,-0.14340057326693467,-89440.90215787687,False
ACE.NS,2220,2280,136.72950744628906,167.14601135253906,rebal,623713.70016343,2018-01-01,2018-04-02,0.22245749636886836,138749.78818931966,False
ADANIENSOL.NS,2074,2280,127.05000305175781,193.60000610351562,rebal,346814.505746137,2017-06-01,2018-04-02,0.5238095352476817,181664.74507203847,False
AVANTIFEED.NS,2095,2280,443.00140380859375,712.009765625,rebal,356474.17702903185,2017-07-03,2018-04-02,0.6072404274651821,216465.53163940832,False
DEEPAKNTR.NS,2261,2280,248.6637420654297,248.61593627929688,rebal,611457.6230104453,2018-03-01,2018-04-02,-0.0001922507307889898,-117.55317487025673,False
GPIL.NS,2242,2280,125.01942443847656,110.1816635131836,rebal,646209.7705107221,2018-02-01,2018-04-02,-0.11868364449713809,-76694.53067387172,False
GRAPHITE.NS,2137,2280,206.91473388671875,599.2890014648438,rebal,410989.3329839007,2017-09-01,2018-04-02,1.8963089781365752,779362.7620557334,False
GRAVITA.NS,2052,2280,58.14830780029297,149.11280822753906,rebal,350067.17005617433,2017-05-02,2018-04-02,1.56435335555522,547628.7521470962,False
HEGAM.NS,2137,2280,112.84310913085938,546.1983032226562,rebal,410989.3329839007,2017-09-01,2018-04-02,3.8403336936529566,1578336.1831900282,False
HSCL.NS,2116,2280,85.3570556640625,148.93695068359375,rebal,378262.41667994234,2017-08-01,2018-04-02,0.7448698238814722,281756.2596933687,False
JINDALSTEL.NS,2261,2280,244.94349670410156,221.4678955078125,rebal,611457.6230104453,2018-03-01,2018-04-02,-0.09584088376368782,-58602.638973364934,False
OLECTRA.NS,2137,2280,173.60833740234375,186.73252868652344,rebal,410989.3329839007,2017-09-01,2018-04-02,0.07559654956987405,31069.37548360692,False
PCBL.NS,2261,2280,89.51656341552734,86.80912780761719,rebal,611457.6230104453,2018-03-01,2018-04-02,-0.030245079844525513,-18493.584629494697,False
RADICO.NS,2261,2280,341.9553527832031,348.7368469238281,rebal,611457.6230104453,2018-03-01,2018-04-02,0.019831519189361657,12126.133584213112,False
STLTECH.NS,2261,2280,335.2059631347656,306.30810546875,rebal,611457.6230104453,2018-03-01,2018-04-02,-0.08620925891583131,-52713.308538166246,False
UNOMINDA.NS,2095,2280,105.60859680175781,179.60543823242188,rebal,356474.17702903185,2017-07-03,2018-04-02,0.7006706240929093,249770.98409193798,False
AVANTIFEED.NS,2301,2323,720.0069580078125,461.5284423828125,stop,592354.8427445252,2018-05-02,2018-06-01,-0.35899446908149923,-212652.11227892578,False
GPIL.NS,2301,2323,130.59425354003906,104.78943634033203,rebal,592354.8427445252,2018-05-02,2018-06-01,-0.19759534972031134,-117046.56231062447,False
HSCL.NS,2301,2323,142.14920043945312,125.62252044677734,rebal,592354.8427445252,2018-05-02,2018-06-01,-0.1162629120781804,-68868.89900109111,False
THANGAMAYL.NS,2301,2323,251.51087951660156,232.7871551513672,rebal,592354.8427445252,2018-05-02,2018-06-01,-0.07444498783202125,-44097.84906035504,False
TITAN.NS,2301,2323,934.6395874023438,872.1365356445312,rebal,592354.8427445252,2018-05-02,2018-06-01,-0.0668739614716386,-39613.11493123592,False
UNOMINDA.NS,2301,2323,173.6688690185547,201.6161651611328,rebal,592354.8427445252,2018-05-02,2018-06-01,0.16092288906189767,95323.45264425506,False
ACE.NS,2301,2343,174.67771911621094,121.85920715332031,stop,592354.8427445252,2018-05-02,2018-06-29,-0.30237692723564313,-179114.4371822421,False
DIVISLAB.NS,2323,2344,991.6774291992188,988.994140625,rebal,563441.5258569506,2018-06-01,2018-07-02,-0.0027058078516373207,-1524.5645046022494,False
GRAVITA.NS,2301,2344,183.9198760986328,146.39569091796875,rebal,592354.8427445252,2018-05-02,2018-07-02,-0.2040246327729176,-120854.9792622111,False
PCBL.NS,2301,2344,97.1590576171875,83.3743896484375,rebal,592354.8427445252,2018-05-02,2018-07-02,-0.14187733297149108,-84041.72526134024,False
STLTECH.NS,2301,2344,325.3235778808594,256.63519287109375,rebal,592354.8427445252,2018-05-02,2018-07-02,-0.2111386621811986,-125069.00903363331,False
TATACONSUM.NS,2323,2344,244.36695861816406,247.77191162109375,rebal,563441.5258569506,2018-06-01,2018-07-02,0.01393377002432672,7850.864643446485,False
RADICO.NS,2301,2356,413.4297790527344,335.6616516113281,stop,592354.8427445252,2018-05-02,2018-07-18,-0.18810480372166583,-111424.79142803713,False
BIOCON.NS,2323,2366,319.6875,287.8415222167969,rebal,563441.5258569506,2018-06-01,2018-08-01,-0.09961596178519061,-56127.769507955476,False
DMART.NS,2323,2366,1531.0999755859375,1669.699951171875,rebal,563441.5258569506,2018-06-01,2018-08-01,0.09052313878647711,51004.49544321316,False
GPIL.NS,2344,2366,108.3558578491211,102.281982421875,rebal,538820.5657435738,2018-07-02,2018-08-01,-0.05605488755119814,-30203.526223028995,False
HFCL.NS,2344,2366,27.580835342407227,25.765016555786133,rebal,538820.5657435738,2018-07-02,2018-08-01,-0.0658362505732073,-35473.92578029125,False
JINDALSTEL.NS,2344,2366,203.7012176513672,198.5336456298828,rebal,538820.5657435738,2018-07-02,2018-08-01,-0.02536839043509609,-13669.010486242341,False
UNOMINDA.NS,2344,2366,201.09713745117188,201.4262237548828,rebal,538820.5657435738,2018-07-02,2018-08-01,0.0016364544412814652,881.7553078648631,False
KEI.NS,2323,2387,471.5047607421875,415.80908203125,rebal,563441.5258569506,2018-06-01,2018-09-03,-0.11812325844444904,-66555.54897713529,False
PAGEIND.NS,2366,2387,27188.283203125,30920.82421875,rebal,562615.1195742236,2018-08-01,2018-09-03,0.13728491011142574,77238.56611807634,False
TECHM.NS,2366,2387,513.7996215820312,562.493896484375,rebal,562615.1195742236,2018-08-01,2018-09-03,0.09477288977444176,53320.66071284227,False
TITAN.NS,2366,2387,892.8406982421875,888.3637084960938,rebal,562615.1195742236,2018-08-01,2018-09-03,-0.005014320869230038,-2821.1327354253826,False
BSOFT.NS,2323,2405,154.3849334716797,121.44131469726562,stop,563441.5258569506,2018-06-01,2018-10-01,-0.21338622904195004,-120230.66248825706,False
GPIL.NS,2387,2405,128.67103576660156,99.45806121826172,rebal,589027.3795710244,2018-09-03,2018-10-01,-0.22703613423404567,-133730.49921581527,False
INTELLECT.NS,2366,2405,197.2290802001953,207.4070587158203,rebal,562615.1195742236,2018-08-01,2018-10-01,0.05160485718076635,29033.672893367595,False
IPCALAB.NS,2387,2405,373.2607421875,324.74786376953125,rebal,589027.3795710244,2018-09-03,2018-10-01,-0.1299704815825482,-76556.17218815246,False
PCBL.NS,2366,2405,97.17456817626953,72.70379638671875,rebal,562615.1195742236,2018-08-01,2018-10-01,-0.25182279940943086,-141679.3144012527,False
RADICO.NS,2366,2405,436.408935546875,331.8839111328125,rebal,562615.1195742236,2018-08-01,2018-10-01,-0.23951165042732125,-134752.875844587,False
JUBLFOOD.NS,2301,2422,249.3624267578125,206.83944702148438,stop,592354.8427445252,2018-05-02,2018-10-26,-0.17052681227564237,-101012.3830692633,False
ZENSARTECH.NS,2405,2422,280.7806701660156,195.6585235595703,stop,503314.2546072304,2018-10-01,2018-10-26,-0.30316241697163704,-152585.9659230059,False
ABBOTINDIA.NS,2405,2426,6801.07373046875,6758.17041015625,rebal,503314.2546072305,2018-10-01,2018-11-01,-0.006308315717898139,-3175.065223380978,False
ADANIENT.NS,2387,2426,133.332275390625,172.75975036621094,rebal,589027.3795710244,2018-09-03,2018-11-01,0.29570840863605485,174180.34905601307,False
BIOCON.NS,2405,2426,335.0379333496094,318.1626892089844,rebal,503314.2546072304,2018-10-01,2018-11-01,-0.05036815972421793,-25351.012767532673,False
COFORGE.NS,2301,2426,199.55828857421875,219.8738250732422,rebal,592354.8427445252,2018-05-02,2018-11-01,0.10180251917458083,60303.215236655335,False
FSL.NS,2344,2426,53.24945068359375,47.70360565185547,rebal,538820.5657435738,2018-07-02,2018-11-01,-0.10414839891384953,-56117.29922404781,False
GRAPHITE.NS,2301,2426,559.5538940429688,791.2007446289062,rebal,592354.8427445252,2018-05-02,2018-11-01,0.41398487804670525,245225.94733396752,False
HEGAM.NS,2301,2426,484.5360412597656,737.4744262695312,rebal,592354.8427445252,2018-05-02,2018-11-01,0.522021817721011,309222.1517453406,False
LTM.NS,2344,2426,1466.118896484375,1593.242919921875,rebal,538820.5657435738,2018-07-02,2018-11-01,0.08670785414629889,46719.97502552005,False
LTTS.NS,2387,2426,1596.3336181640625,1594.6490478515625,rebal,589027.3795710244,2018-09-03,2018-11-01,-0.0010552745950670461,-621.5856294602161,False
MPHASIS.NS,2366,2426,980.2117309570312,791.4749145507812,rebal,562615.1195742236,2018-08-01,2018-11-01,-0.192546988008373,-108329.84668198739,False
PAGEIND.NS,2405,2426,30294.763671875,26032.04296875,rebal,503314.2546072304,2018-10-01,2018-11-01,-0.14070816822652477,-70820.42680808209,False
RHIM.NS,2405,2426,220.66343688964844,207.8583221435547,rebal,503314.2546072305,2018-10-01,2018-11-01,-0.058030070258071165,-29207.361556746302,False
ZYDUSWELL.NS,2405,2426,270.8623046875,234.80592346191406,rebal,503314.2546072304,2018-10-01,2018-11-01,-0.13311701407541743,-66999.69071490892,False
