grp,top_n,stop,regime,lb,sk,ma,CAGR,MaxDD,Sharpe,IS_CAGR,IS_Sharpe,OOS_CAGR,OOS_Sharpe,OOS_MaxDD
A,10,0.2,True,252,21,200,0.2848163895354301,-0.3566190389367202,1.3929989093638513,0.3975241766502333,1.9921100406705112,0.15373264865454672,0.7795645497565435,-0.3566190389367203
A,10,0.2,False,252,21,200,0.3330006397176932,-0.3917983625560022,1.4272760425933249,0.5026796869541494,2.146144430328748,0.14482753083350652,0.6869613050540108,-0.3917983625560022
A,10,0.3,True,252,21,200,0.3066161165677399,-0.36525627315610665,1.4198233837120577,0.39623208841691104,1.9337797513199473,0.19922588216893367,0.9155123785174302,-0.36525627315610665
A,10,0.3,False,252,21,200,0.3705695152723656,-0.37960543921629075,1.4897506010015067,0.5032007837984722,2.080535729771504,0.2177512800066035,0.9020311257974445,-0.37960543921629086
A,10,0.4,True,252,21,200,0.31923466667690303,-0.34099652873738706,1.4588523026156053,0.3989757270941636,1.9394950948073593,0.22242696498157,0.9924081089288367,-0.34099652873738695
A,10,0.4,False,252,21,200,0.39000347472025676,-0.36201737615265217,1.5350821800270409,0.5214167901835931,2.1224044758140543,0.23817004784436668,0.9564618222585956,-0.36201737615265217
A,15,0.2,True,252,21,200,0.2247797509048406,-0.34589626617832725,1.2513516371042184,0.3049152253463101,1.7931925350979907,0.12901341072505512,0.7210404025536196,-0.34589626617832725
A,15,0.2,False,252,21,200,0.2657639557782272,-0.3646344345668595,1.295261217456391,0.3967791923283088,1.9816697651765367,0.11679006286167071,0.6152669599300068,-0.3646344345668594
A,15,0.3,True,252,21,200,0.2451980067456303,-0.3441969926488835,1.2885752778588777,0.31089873867134,1.7562626694807346,0.16485492253074785,0.8423532647629319,-0.34419699264888337
A,15,0.3,False,252,21,200,0.3047911737436386,-0.3390650476108087,1.3845881302116643,0.4118802016920218,1.9604117391004783,0.17951972443725817,0.8264966512820404,-0.3390650476108086
A,15,0.4,True,252,21,200,0.2569615230584352,-0.32871931353865047,1.3298138261415688,0.31182085296042317,1.7511818080533628,0.18870247642666405,0.9321072574279652,-0.32871931353865047
A,15,0.4,False,252,21,200,0.32250646290507934,-0.3275677527498927,1.4338623317226589,0.4225027753000332,1.9840640632657662,0.2045159766944724,0.9059155737232166,-0.3275677527498927
A,25,0.2,True,252,21,200,0.24787358651330904,-0.32342590496284895,1.4805842374335165,0.33280670176718563,2.1355566199542926,0.14760036464564852,0.8613061311292289,-0.32342590496284895
A,25,0.2,False,252,21,200,0.2960545247729849,-0.2943435652990485,1.5448581508041088,0.4045761219054411,2.2368906939273714,0.17047147296611587,0.8858813322662684,-0.29434356529904837
A,25,0.3,True,252,21,200,0.2667666953089458,-0.31468224849498727,1.5124901363368601,0.3423059527788186,2.1052871990225044,0.17640818407696912,0.96033891291797,-0.31468224849498727
A,25,0.3,False,252,21,200,0.3279657457595502,-0.27328662119632297,1.609915071407127,0.41854471336916355,2.2063596299822126,0.22093601648207928,1.0504689518775294,-0.27328662119632297
A,25,0.4,True,252,21,200,0.2765606238048435,-0.2956181750046222,1.543756242919622,0.34346749009297817,2.096645660172341,0.19566767207329439,1.0349561488859695,-0.29561817500462206
A,25,0.4,False,252,21,200,0.3407372496242831,-0.2687870165946369,1.6394194637551784,0.42611141118121587,2.216905774523312,0.23924373757189743,1.1044991727452815,-0.2687870165946368
B,15,0.3,True,126,0,100,0.27416590758696535,-0.22338199218913934,1.434739820154581,0.27759384009506105,1.57245385556121,0.26581992499379004,1.2896936450731915,-0.22338199218913934
B,15,0.3,True,126,0,150,0.3014116942684839,-0.3039175274827032,1.4990095043685563,0.36191395439274077,1.9263759492297117,0.22573031926048293,1.077737181742034,-0.3039175274827032
B,15,0.3,True,126,0,200,0.2970461898458179,-0.30391752748270306,1.4592398380165363,0.33936788452567646,1.8301176938023827,0.24211248112461736,1.1119956423080812,-0.30391752748270295
B,15,0.3,True,126,21,100,0.250486808773035,-0.22225655303516867,1.369030128435481,0.22425389765579373,1.3660325314170008,0.2798750394135545,1.371480636796658,-0.21641357267731043
B,15,0.3,True,126,21,150,0.29516495817224087,-0.259301069683736,1.508204371166188,0.3177970824832701,1.7836614893829443,0.2634106030643697,1.2433566714161115,-0.2593010696837359
B,15,0.3,True,126,21,200,0.30020309377646526,-0.25930106968373545,1.501282476196491,0.3090784000992912,1.734540139052831,0.28509027159042666,1.2896922107300512,-0.25930106968373545
B,15,0.3,True,189,0,100,0.23608477759422342,-0.2571529909708784,1.292879621607427,0.2135493745078183,1.323640101897584,0.26140402087929915,1.269543012353348,-0.2154180772587253
B,15,0.3,True,189,0,150,0.25445495789759276,-0.28472436478970464,1.3156518756361057,0.3044315640601063,1.7415066593006248,0.1915723094084032,0.9317486055848736,-0.28472436478970464
B,15,0.3,True,189,0,200,0.24550786264089797,-0.28572206757046925,1.2602687764645684,0.27346188489688616,1.582170337795272,0.20823957346194888,0.9798815552694294,-0.28572206757046936
B,15,0.3,True,189,21,100,0.24342640884183941,-0.2304096214448894,1.3449972152294,0.23490097685072242,1.423706470466123,0.2518629293593455,1.269149729115566,-0.21179004540505542
B,15,0.3,True,189,21,150,0.27355951066709094,-0.2950769835921371,1.4023410880248084,0.33269571883200655,1.8374014218689259,0.20125459370809162,0.9878354956619683,-0.29507698359213697
B,15,0.3,True,189,21,200,0.2647660863403014,-0.31080862228714334,1.3360413860603744,0.2956510934385199,1.6370777514092902,0.2249414784159578,1.0563590876048892,-0.31080862228714334
B,15,0.3,True,252,0,100,0.2691530809577696,-0.26761118297212516,1.462823845742847,0.31598284899114026,1.8707519326755067,0.2090380127665603,1.0706841228977884,-0.26761118297212527
B,15,0.3,True,252,0,150,0.3125237811104655,-0.33646708335960684,1.566453774594094,0.4292888569861457,2.2714871764837214,0.1762268390071906,0.8867552042939502,-0.33646708335960696
B,15,0.3,True,252,0,200,0.298726567007519,-0.3387134961517201,1.491337267222439,0.37921370041504643,2.0535459917790573,0.2008805922280199,0.9676271132476314,-0.3387134961517202
B,15,0.3,True,252,21,100,0.24867862064962298,-0.2476733724708945,1.39602929343199,0.2850268998073462,1.7233164946170634,0.20171403075263683,1.0700767346062445,-0.2476733724708945
B,15,0.3,True,252,21,150,0.2642898429019529,-0.346098576673193,1.389825168408523,0.354672876433036,1.9697194625030614,0.1569884118272875,0.8237190868852815,-0.3460985766731929
