rate,variant,seed,ndead,zero_CAGR,zero_DD,last_CAGR,last_DD
0.01,gap,0,32,0.2555510873043181,-0.32101527661681717,0.2555510873043181,-0.32101527661681717
0.01,gap,1,25,0.2440486167818341,-0.2891527356320148,0.2509980619152512,-0.28915273563201516
0.01,gap,2,26,0.21805906085615234,-0.33856306442801865,0.2337802924022918,-0.3385630644280191
0.01,gap,3,28,0.26541403114865636,-0.35119772546557115,0.2628727869254104,-0.3511977254655718
0.01,gap,4,30,0.24082613279479714,-0.3476293636875193,0.24790358074249208,-0.3476293636875186
0.01,gap,5,28,0.23683939699075895,-0.34399088596870264,0.2559745053679552,-0.343990885968703
0.01,gap,6,23,0.2526608912093715,-0.3441969926488829,0.2514039092237683,-0.3441969926488835
0.01,gap,7,22,0.23031239173219453,-0.35773180794350024,0.23008767162452082,-0.35773180794350046
0.01,gap,8,18,0.23735564111584373,-0.358582513697596,0.23266487287637339,-0.3585825136975963
0.01,gap,9,19,0.24693721437039406,-0.30875514213920985,0.2655756822386661,-0.30875514213921007
0.01,gap,10,31,0.23290828938857966,-0.3674437663172291,0.24121290518775207,-0.3674437663172292
0.01,gap,11,18,0.2598271726508161,-0.3127429392890122,0.26957668532318624,-0.312742939289012
0.01,gap,12,25,0.24810433294166634,-0.37763988013566785,0.2679772159763094,-0.34046159215442096
0.01,gap,13,34,0.23470457803729605,-0.3700464158801561,0.2653434588465611,-0.32174212042394146
0.01,gap,14,25,0.2599739795614697,-0.3357458053329938,0.2606338658248539,-0.33574580533299403
0.01,gap,15,22,0.24186132846813146,-0.3565451212246129,0.2508853628789489,-0.356545121224613
0.01,gap,16,25,0.22338197649275449,-0.3233889465169738,0.26319572113911716,-0.3233889465169736
0.01,gap,17,27,0.22883792785560586,-0.3550603350407078,0.23357199506332216,-0.3550603350407078
0.01,gap,18,25,0.24070191097536253,-0.3416965329030107,0.25022998870227564,-0.3416965329030104
0.01,gap,19,25,0.2506747021931677,-0.3380357151780893,0.24825732120444433,-0.3380357151780897
0.01,gap,20,21,0.24146809559525773,-0.3560754337798272,0.23654132965555963,-0.3560754337798272
0.01,gap,21,26,0.247983858318521,-0.33131109966141925,0.2674058965211845,-0.33131109966141936
0.01,gap,22,24,0.23986960258178747,-0.35008234879140554,0.25003765339979767,-0.3500823487914062
0.01,gap,23,33,0.26871616249497965,-0.331295531740715,0.2691611759842567,-0.33129553174071447
0.01,gap,24,31,0.252727006281696,-0.2805780327386852,0.26019556013692924,-0.28057803273868576
0.01,gap,25,25,0.25004628823305897,-0.3183613729238369,0.2665325070169402,-0.31836137292383715
0.01,gap,26,24,0.26262184018358137,-0.31830788504840724,0.261549835534687,-0.3183078850484077
0.01,gap,27,23,0.25536783074703084,-0.337400602329359,0.25536783074703084,-0.337400602329359
0.01,gap,28,19,0.24295361641890545,-0.31155437156644716,0.25349273822637297,-0.3115543715664474
0.01,gap,29,24,0.24712547843863497,-0.34872287429950977,0.24712547843863497,-0.34872287429950977
0.01,decay,0,32,0.2516896820846737,-0.3210152766168174,0.2516896820846737,-0.3210152766168174
0.01,decay,1,25,0.2516097223643201,-0.28915273563201516,0.2516097223643201,-0.28915273563201516
0.01,decay,2,26,0.23507200804780504,-0.33856306442801865,0.23507200804780504,-0.33856306442801865
0.01,decay,3,28,0.264713426379636,-0.3511977254655715,0.264713426379636,-0.3511977254655715
0.01,decay,4,30,0.2469211604134871,-0.3476293636875194,0.2469211604134871,-0.3476293636875194
0.01,decay,5,28,0.25396611407666136,-0.3439908859687022,0.25396611407666136,-0.3439908859687022
0.01,decay,6,23,0.2526608912093715,-0.3441969926488829,0.2526608912093715,-0.3441969926488829
0.01,decay,7,22,0.22528529293787614,-0.356713917763679,0.22528529293787614,-0.356713917763679
0.01,decay,8,18,0.23735564111584373,-0.358582513697596,0.23735564111584373,-0.358582513697596
0.01,decay,9,19,0.26240951606487206,-0.3087551421392094,0.26240951606487206,-0.3087551421392094
0.01,decay,10,31,0.23966066726625157,-0.36744376631722886,0.23966066726625157,-0.36744376631722886
0.01,decay,11,18,0.2704385843790329,-0.31274293928901165,0.2704385843790329,-0.31274293928901165
0.01,decay,12,25,0.2684063905257543,-0.3208791104787678,0.2684063905257543,-0.3208791104787678
0.01,decay,13,34,0.2553429494074988,-0.3334717612762589,0.2553429494074988,-0.3334717612762589
0.01,decay,14,25,0.2599739795614697,-0.3357458053329938,0.2599739795614697,-0.3357458053329938
0.01,decay,15,22,0.24941459696195012,-0.3565451212246128,0.24941459696195012,-0.3565451212246128
0.01,decay,16,25,0.26506783707910353,-0.32338894651697414,0.26506783707910353,-0.32338894651697414
0.01,decay,17,27,0.24091506159537746,-0.3550603350407079,0.24091506159537746,-0.3550603350407079
0.01,decay,18,25,0.24929032052837297,-0.3416965329030106,0.24929032052837297,-0.3416965329030106
0.01,decay,19,25,0.25150302738709573,-0.34677777544533617,0.25150302738709573,-0.34677777544533617
0.01,decay,20,21,0.2443054119425232,-0.3560754337798273,0.2443054119425232,-0.3560754337798273
0.01,decay,21,26,0.26494431112447847,-0.33131109966141925,0.26494431112447847,-0.33131109966141925
0.01,decay,22,24,0.24634871929857383,-0.35008234879140554,0.24634871929857383,-0.35008234879140554
0.01,decay,23,33,0.2621383052179891,-0.33676454156850577,0.2621383052179891,-0.33676454156850577
0.01,decay,24,31,0.26141633895782834,-0.28057803273868553,0.26141633895782834,-0.28057803273868553
0.01,decay,25,25,0.26894285594755774,-0.3219478938597382,0.26894285594755774,-0.3219478938597382
0.01,decay,26,24,0.2661269187456057,-0.31830788504840724,0.2661269187456057,-0.31830788504840724
0.01,decay,27,23,0.2557949900844454,-0.33537132728937913,0.2557949900844454,-0.33537132728937913
0.01,decay,28,19,0.2550311866894672,-0.31155437156644705,0.2550311866894672,-0.31155437156644705
0.01,decay,29,24,0.24791591445551342,-0.345003218820195,0.24791591445551342,-0.345003218820195
0.02,gap,0,62,0.21529266644335765,-0.3338831363366561,0.24978328609927325,-0.3338831363366561
0.02,gap,1,45,0.23780052593811996,-0.31049340241593004,0.24957602597388528,-0.3104934024159298
0.02,gap,2,51,0.23125131614857297,-0.3584820720405315,0.2593315600023218,-0.3584820720405314
0.02,gap,3,57,0.24862592253461013,-0.33689134237040774,0.25717298892062335,-0.33287209033096277
0.02,gap,4,55,0.25610076465309617,-0.28812454997799863,0.2559816966607229,-0.2881245499779985
0.02,gap,5,60,0.24927436831613314,-0.3283132082510596,0.27577968907198747,-0.3231799803568748
0.02,gap,6,49,0.2362206044138837,-0.3894267312859394,0.24579621971651755,-0.3894267312859393
0.02,gap,7,48,0.23666279028514237,-0.3592179344091543,0.23735044007009276,-0.35921793440915406
0.02,gap,8,37,0.22975133848976625,-0.3489271051946141,0.24584365374272332,-0.3391756431064511
0.02,gap,9,37,0.24785780516979816,-0.3292757876237321,0.2674628476510146,-0.3292757876237318
0.02,gap,10,60,0.25066723353419307,-0.3673715285644157,0.26291021773013035,-0.3678518159174705
0.02,gap,11,43,0.26021190775698266,-0.3575064921695734,0.2848387651562019,-0.29726450496574686
0.02,gap,12,50,0.2458469818532636,-0.3244395849798156,0.2608925539116773,-0.3028253485525946
0.02,gap,13,52,0.23942073716043755,-0.25177761951965394,0.25516652141970564,-0.2688545800628538
0.02,gap,14,57,0.24440449416068843,-0.3253684874703442,0.26506751597867617,-0.3253684874703444
0.02,gap,15,55,0.19744515655879047,-0.35013110254413304,0.24387808956332901,-0.28869888657920506
0.02,gap,16,48,0.24157862893584592,-0.3317757739298257,0.2648329438678565,-0.33177577392982593
0.02,gap,17,49,0.2604711707160474,-0.3276448323174639,0.2617662243013317,-0.32764483231746433
0.02,gap,18,52,0.2552041816818855,-0.30385991012910984,0.27413381899886,-0.30385991012910984
0.02,gap,19,53,0.2560485380912101,-0.32563233334458397,0.26410955875788344,-0.32050525492607385
0.02,gap,20,45,0.26776503771915783,-0.3247073097871954,0.2781983462633104,-0.324707309787196
0.02,gap,21,54,0.2236746040892792,-0.3010137943081028,0.26044709193804905,-0.3010137943081028
0.02,gap,22,58,0.24329638970129408,-0.33216339086498126,0.2639337946998612,-0.3126081445449227
0.02,gap,23,49,0.25942167610956424,-0.37283014532995784,0.2687065467772467,-0.33002559529649644
0.02,gap,24,47,0.2094524043865187,-0.40458924191414736,0.2533139831728075,-0.3030858643915295
0.02,gap,25,42,0.2533769547960607,-0.3394616528417441,0.2538912971852689,-0.3394616528417438
0.02,gap,26,48,0.25613386277224937,-0.321590364637689,0.25981746552873064,-0.31937541058228747
0.02,gap,27,48,0.23981367926323194,-0.32737393796629255,0.24520939983805645,-0.32737393796629255
0.02,gap,28,44,0.21458012327183895,-0.2912662250729321,0.25157701700021096,-0.291266225072932
0.02,gap,29,46,0.2507744798726277,-0.35472206326424327,0.2510755748560374,-0.35332450606152066
0.02,decay,0,62,0.22996604840534984,-0.33388313633665556,0.22996604840534984,-0.33388313633665556
0.02,decay,1,45,0.2473814649286754,-0.3104934024159305,0.2473814649286754,-0.3104934024159305
0.02,decay,2,51,0.2601276711175058,-0.3584820720405313,0.2601276711175058,-0.3584820720405313
0.02,decay,3,57,0.2576008860683847,-0.32296031947227233,0.2576008860683847,-0.32296031947227233
0.02,decay,4,55,0.2532421661277957,-0.2881245499779982,0.2532421661277957,-0.2881245499779982
0.02,decay,5,60,0.28165857234506375,-0.3283132082510599,0.28165857234506375,-0.3283132082510599
0.02,decay,6,49,0.24145248503851446,-0.3894267312859394,0.24145248503851446,-0.3894267312859394
0.02,decay,7,48,0.24711291853363027,-0.35921793440915395,0.24711291853363027,-0.35921793440915395
0.02,decay,8,37,0.23624676112071175,-0.3489271051946141,0.23624676112071175,-0.3489271051946141
0.02,decay,9,37,0.2656987902195569,-0.3292757876237321,0.2656987902195569,-0.3292757876237321
0.02,decay,10,60,0.24521661007596585,-0.3673715285644157,0.24521661007596585,-0.3673715285644157
0.02,decay,11,43,0.2740098796248307,-0.31083176485031394,0.2740098796248307,-0.31083176485031394
0.02,decay,12,50,0.2624618046413183,-0.32610683796670625,0.2624618046413183,-0.32610683796670625
0.02,decay,13,52,0.2610756718949072,-0.23881196198062626,0.2610756718949072,-0.23881196198062626
0.02,decay,14,57,0.26506401324855444,-0.3190121448718617,0.26506401324855444,-0.3190121448718617
0.02,decay,15,55,0.23791152129629078,-0.3095950041451798,0.23791152129629078,-0.3095950041451798
0.02,decay,16,48,0.2771745704858728,-0.31112871428207023,0.2771745704858728,-0.31112871428207023
0.02,decay,17,49,0.26467064671463536,-0.327644832317464,0.26467064671463536,-0.327644832317464
0.02,decay,18,52,0.27055505239668687,-0.30385991012910885,0.27055505239668687,-0.30385991012910885
0.02,decay,19,53,0.25811574587264285,-0.3090617654212463,0.25811574587264285,-0.3090617654212463
0.02,decay,20,45,0.2753091423928611,-0.3247073097871962,0.2753091423928611,-0.3247073097871962
0.02,decay,21,54,0.2522689020065785,-0.3010137943081026,0.2522689020065785,-0.3010137943081026
0.02,decay,22,58,0.24330004431763386,-0.33216339086498115,0.24330004431763386,-0.33216339086498115
0.02,decay,23,49,0.2638404786813473,-0.33511369627615273,0.2638404786813473,-0.33511369627615273
0.02,decay,24,47,0.2584559487384448,-0.3096772961997628,0.2584559487384448,-0.3096772961997628
0.02,decay,25,42,0.24860261104661951,-0.3363110983507889,0.24860261104661951,-0.3363110983507889
0.02,decay,26,48,0.2633425451833258,-0.32159036463768875,0.2633425451833258,-0.32159036463768875
0.02,decay,27,48,0.24724518999931333,-0.3273739379662923,0.24724518999931333,-0.3273739379662923
0.02,decay,28,44,0.2485933811414851,-0.2912662250729322,0.2485933811414851,-0.2912662250729322
0.02,decay,29,46,0.2502559495415133,-0.3547220632642436,0.2502559495415133,-0.3547220632642436
0.03,gap,0,83,0.24418500075299598,-0.3562307979889132,0.2628468368754444,-0.35623079798891333
0.03,gap,1,68,0.23260801682459875,-0.28557922149223136,0.25816964416864074,-0.26079305213747284
0.03,gap,2,69,0.2226996747752561,-0.296981593648171,0.24034519287673617,-0.29698159364817134
0.03,gap,3,79,0.2349801081655014,-0.357151719695868,0.2593097639748967,-0.30238946825576984
0.03,gap,4,81,0.2724534346862155,-0.3455247051139644,0.2648659339124917,-0.34552470511396405
0.03,gap,5,79,0.2221155998130553,-0.30311707095225127,0.2844757452498452,-0.2995410116599181
0.03,gap,6,69,0.2373631745742779,-0.37613802995230194,0.26760339447611337,-0.3152154879151906
0.03,gap,7,68,0.2023772118145215,-0.4461811477545161,0.2380610753934398,-0.39327862061168783
0.03,gap,8,59,0.22908896030644565,-0.4018347169623877,0.25454566670168766,-0.369008571876703
0.03,gap,9,58,0.22854483012306437,-0.30456600807533385,0.2555644499162677,-0.3023790260492365
0.03,gap,10,83,0.20455931663189708,-0.3406311991047798,0.2444016423291031,-0.34063119910477935
0.03,gap,11,71,0.26187522616750947,-0.36337764451864285,0.27183774738212807,-0.3427549962746427
0.03,gap,12,72,0.17691182416030982,-0.4782544837041155,0.2565017174561246,-0.37491076750851915
0.03,gap,13,81,0.27518837575809085,-0.29294530202026914,0.3032500801204687,-0.23917721269818515
0.03,gap,14,80,0.22450929538372533,-0.3394649393216802,0.26139505246304084,-0.3333131821590415
0.03,gap,15,71,0.22283212007626352,-0.38992903798693046,0.2503473842655166,-0.3370412765263404
0.03,gap,16,69,0.22530654438052733,-0.3610678194589243,0.24086581972904209,-0.3610678194589244
0.03,gap,17,69,0.2169558330322019,-0.34042406029092465,0.2493490364360611,-0.3404240602909254
0.03,gap,18,70,0.2323066814393333,-0.3430085394617176,0.2485015053434081,-0.3430085394617183
0.03,gap,19,79,0.21420544449332568,-0.36753127331698043,0.23619464831956227,-0.29503601801165225
0.03,gap,20,74,0.21493762415471962,-0.3360833550680703,0.2581412782374657,-0.27613256591470525
0.03,gap,21,79,0.21887901000742782,-0.3933551838072272,0.26977427098048756,-0.29689265713158786
0.03,gap,22,81,0.22736217516744106,-0.36230819084237686,0.2430220082030199,-0.36230819084237653
0.03,gap,23,73,0.22619232164710712,-0.28041403263586273,0.2609888759051473,-0.30458659366276764
0.03,gap,24,64,0.20585844727243496,-0.33688015109212177,0.25377667071953125,-0.23214256965508606
0.03,gap,25,66,0.22457682051048633,-0.297917696328474,0.2756670462441273,-0.29293655904644855
0.03,gap,26,78,0.24862912559752837,-0.2863697966010076,0.27143859885719857,-0.2863697966010075
0.03,gap,27,71,0.2148143207887887,-0.3447753473629801,0.2529441848574858,-0.3303292246581646
0.03,gap,28,68,0.247720186154482,-0.2517645598751178,0.257604564483668,-0.2499763440898929
0.03,gap,29,76,0.22862366113482824,-0.34947807096728956,0.24438982730829983,-0.33312713644874514
0.03,decay,0,83,0.25867607688898575,-0.3562307979889132,0.25867607688898575,-0.3562307979889132
0.03,decay,1,68,0.25983493893496634,-0.2575013571163739,0.25983493893496634,-0.2575013571163739
0.03,decay,2,69,0.24186857771179615,-0.2969815936481708,0.24186857771179615,-0.2969815936481708
0.03,decay,3,79,0.24743745748012858,-0.3020167248099114,0.24743745748012858,-0.3020167248099114
0.03,decay,4,81,0.27250818041306357,-0.34873620099573965,0.27250818041306357,-0.34873620099573965
0.03,decay,5,79,0.273845990632974,-0.2932440891446183,0.273845990632974,-0.2932440891446183
0.03,decay,6,69,0.2597041216723346,-0.33500505595594743,0.2597041216723346,-0.33500505595594743
0.03,decay,7,68,0.23113654173406806,-0.42149072356528916,0.23113654173406806,-0.42149072356528916
0.03,decay,8,59,0.24490132856961977,-0.37193359223218625,0.24490132856961977,-0.37193359223218625
0.03,decay,9,58,0.24375770670165808,-0.3089222442962968,0.24375770670165808,-0.3089222442962968
0.03,decay,10,83,0.25384649050358465,-0.3406311991047799,0.25384649050358465,-0.3406311991047799
0.03,decay,11,71,0.2663246922999265,-0.36337764451864274,0.2663246922999265,-0.36337764451864274
0.03,decay,12,72,0.22495769115583641,-0.39747901078120496,0.22495769115583641,-0.39747901078120496
0.03,decay,13,81,0.2984042905121811,-0.2442108744840329,0.2984042905121811,-0.2442108744840329
0.03,decay,14,80,0.2561617682932906,-0.34012634024028543,0.2561617682932906,-0.34012634024028543
0.03,decay,15,71,0.24574748687156767,-0.3264800929596585,0.24574748687156767,-0.3264800929596585
0.03,decay,16,69,0.2378417135438744,-0.3610678194589245,0.2378417135438744,-0.3610678194589245
0.03,decay,17,69,0.24000680852167933,-0.3404240602909252,0.24000680852167933,-0.3404240602909252
0.03,decay,18,70,0.2587829180877066,-0.34300853946171783,0.2587829180877066,-0.34300853946171783
0.03,decay,19,79,0.22208531585552804,-0.3274019184390262,0.22208531585552804,-0.3274019184390262
0.03,decay,20,74,0.24975200131673048,-0.2869012113637973,0.24975200131673048,-0.2869012113637973
0.03,decay,21,79,0.25684707042856414,-0.30133501998784884,0.25684707042856414,-0.30133501998784884
0.03,decay,22,81,0.24692671160884472,-0.3623081908423762,0.24692671160884472,-0.3623081908423762
0.03,decay,23,73,0.25652908808648456,-0.28509100137528676,0.25652908808648456,-0.28509100137528676
0.03,decay,24,64,0.25074838459441096,-0.23699575559355823,0.25074838459441096,-0.23699575559355823
0.03,decay,25,66,0.28367472624986334,-0.2793537224776951,0.28367472624986334,-0.2793537224776951
0.03,decay,26,78,0.27907937356611123,-0.28636979660100736,0.27907937356611123,-0.28636979660100736
0.03,decay,27,71,0.23092301353798095,-0.37324916976596745,0.23092301353798095,-0.37324916976596745
0.03,decay,28,68,0.2559974622788286,-0.26135697395704094,0.2559974622788286,-0.26135697395704094
0.03,decay,29,76,0.23988845919695057,-0.35051972675522947,0.23988845919695057,-0.35051972675522947
