Ticker,company,industry,mom_12_1,score,px,rs_if_equal_wt_of_10L
CUPID.NS,Cupid Ltd.,Fast Moving Consumer Goods,5.25,8.95,311.6,0
STLTECH.NS,Sterlite Technologies Ltd.,Telecommunication,4.95,8.04,909.9,0
WELCORP.NS,Welspun Corp Ltd.,Capital Goods,2.03,4.75,2717.0,0
CPPLUS.NS,Aditya Infotech Ltd.,Capital Goods,1.92,4.41,3846.5,0
HFCL.NS,HFCL Ltd.,Telecommunication,2.19,4.35,227.0,0
MTARTECH.NS,MTAR Technologies Ltd.,Capital Goods,2.64,4.32,7797.0,0
SANSERA.NS,Sansera Engineering Ltd.,Automobile and Auto Components,1.79,4.3,4537.5,0
LAURUSLABS.NS,Laurus Labs Ltd.,Healthcare,1.22,4.28,1980.0,0
ATHERENERG.NS,Ather Energy Ltd.,Automobile and Auto Components,1.97,4.1,1425.0,0
RRKABEL.NS,R R Kabel Ltd.,Capital Goods,1.34,3.45,2518.6,0
SONACOMS.NS,Sona BLW Precision Forgings Ltd.,Automobile and Auto Components,1.01,3.25,830.0,0
FEDERALBNK.NS,Federal Bank Ltd.,Financial Services,0.84,3.24,317.4,0
AETHER.NS,Aether Industries Ltd.,Chemicals,1.24,3.12,1699.3,0
ACUTAAS.NS,Acutaas Chemicals Ltd.,Healthcare,1.35,3.02,3279.4,0
TDPOWERSYS.NS,TD Power Systems Ltd.,Capital Goods,1.64,2.98,786.0,0
MCX.NS,Multi Commodity Exchange of India Ltd.,Financial Services,1.09,2.84,3300.4,0
KIRLOSENG.NS,Kirloskar Oil Eng Ltd.,Capital Goods,1.33,2.76,2304.2,0
ANANDRATHI.NS,Anand Rathi Wealth Ltd.,Financial Services,0.57,2.68,2120.0,0
DIVISLAB.NS,Divi's Laboratories Ltd.,Healthcare,0.62,2.58,9291.5,0
NAVINFLUOR.NS,Navin Fluorine International Ltd.,Chemicals,0.9,2.48,8245.0,0
BHARATFORG.NS,Bharat Forge Ltd.,Automobile and Auto Components,0.7,2.39,1926.0,0
APARINDS.NS,Apar Industries Ltd.,Capital Goods,1.08,2.33,17384.0,0
BHEL.NS,Bharat Heavy Electricals Ltd.,Capital Goods,0.83,2.28,415.5,0
HONASA.NS,Honasa Consumer Ltd.,Fast Moving Consumer Goods,0.72,2.26,431.4,0
GRANULES.NS,Granules India Ltd.,Healthcare,0.63,2.16,846.5,0
