ticker,fy,rev_growth,ebitda_margin,margin_chg,ocf_ebitda,market,mom_12_1,score,regime_on,note,gate
CUPID.NS,2026-03-31,0.9432450598049833,0.42747322784685704,0.08824576516822275,0.30738602773817686,INDIA,5.25426312667253,8.95138872122352,False,,fails: cash
STLTECH.NS,2026-03-31,0.19288820670248152,0.12931589105725927,0.02110407217775044,0.8623548922056384,INDIA,4.951441547159556,8.038838727071933,False,,PASS
WELCORP.NS,2026-03-31,0.21674215685244214,0.16695436301068156,-0.0525306623086817,1.1840514374399527,INDIA,2.028104694750324,4.7485345805821835,False,,fails: margin
CPPLUS.NS,2026-03-31,0.35514933474171606,0.13698457918320195,-0.02561064656679876,0.023345858802749832,INDIA,1.9218650813512825,4.414569798555371,False,,"fails: margin,cash"
HFCL.NS,2026-03-31,0.21485955160045855,0.15229310141916214,0.044258146468648785,-0.503810589708743,INDIA,2.1948156198247672,4.352641514789046,False,,fails: cash
MTARTECH.NS,2026-03-31,0.3020480075107652,0.21455602662811807,0.03235828527407397,1.0604598307814108,INDIA,2.640914047439854,4.320177759511127,False,,PASS
SANSERA.NS,2026-03-31,0.1665869822711361,0.2049810387564118,0.01536426348657896,0.5728328045084297,INDIA,1.7926444753697166,4.300406808519678,False,,PASS
LAURUSLABS.NS,2026-03-31,0.22029790154433848,0.2712271414607148,0.0677034498636154,0.8905747731735949,INDIA,1.2177191962843503,4.280287065503663,False,,PASS
ATHERENERG.NS,2026-03-31,0.6273382445726066,-0.07476273167108985,0.1630695101111746,,INDIA,1.9726097770644917,4.09740855767831,False,,fails: cash
RRKABEL.NS,2026-03-31,0.27523451800473975,0.08533201693985287,0.0142854124676048,0.3609555907980435,INDIA,1.3410038093312933,3.448384149897252,False,,fails: cash
SONACOMS.NS,2026-03-31,0.26243735975353544,0.26630331217840236,-0.049520444788869133,0.5744290677344174,INDIA,1.0093514771432703,3.253739693891423,False,,fails: margin
FEDERALBNK.NS,,,,,,INDIA,0.843661410250937,3.2379223426488597,False,insufficient data,NO DATA
AETHER.NS,2026-03-31,0.3495021998593044,0.331164838038759,0.008525960742022443,0.3798707102399304,INDIA,1.2425412607174295,3.1178388359128806,False,,fails: cash
ACUTAAS.NS,2026-03-31,0.32901232320913065,0.3923827522735307,0.144035107131712,0.560294647264376,INDIA,1.3542980540577174,3.022786066029804,False,,PASS
TDPOWERSYS.NS,2026-03-31,0.4584802577725533,0.19167707584704535,-0.01102815111465208,0.3674506728085147,INDIA,1.6358458874023394,2.9808536837633794,False,,"fails: margin,cash"
MCX.NS,2026-03-31,1.129443232209474,0.8352087868499464,0.06737803943167164,1.715762157027924,INDIA,1.0850712474336524,2.8445799503128204,False,,PASS
KIRLOSENG.NS,2026-03-31,0.21733000482707743,0.18524228238949184,-0.010751402582366149,0.6585775950377608,INDIA,1.3324939821643702,2.762411756434385,False,,fails: margin
ANANDRATHI.NS,2026-03-31,0.22333255882847158,0.509893064653015,0.03983530902328397,0.4796466374030157,INDIA,0.5687990210905203,2.6771655965464203,False,,fails: cash
DIVISLAB.NS,2026-03-31,0.12343163538873991,0.3697976326842306,0.013765461102461185,0.706763035622096,INDIA,0.6152336892542183,2.579487924936748,False,,PASS
NAVINFLUOR.NS,2026-03-31,0.4003270919720814,0.3495216462358571,0.1016486025634985,0.7836820964375296,INDIA,0.901419410326014,2.477817783123174,False,,PASS
BHARATFORG.NS,2026-03-31,0.11658032175709332,0.18180974304056643,-0.005663265213788987,0.5040069215085471,INDIA,0.6975122989611338,2.3935089314186087,False,,fails: margin
APARINDS.NS,2026-03-31,0.2334874681424386,0.07700579959079763,-0.004191033498562521,0.5508505453965796,INDIA,1.0820869234846318,2.3273404063791814,False,,fails: margin
BHEL.NS,2026-03-31,0.18295115694766295,0.09920354958601452,0.034651949285230424,1.8183794829621738,INDIA,0.8289779074458423,2.281855140233685,False,,PASS
HONASA.NS,2026-03-31,0.15723319733578323,0.1312531825604467,0.060369962897068474,0.45021818760949195,INDIA,0.7197185343444981,2.2600309779113643,False,,fails: cash
GRANULES.NS,2026-03-31,0.19814868675117348,0.21587786436837283,0.003502876374731928,0.6882540861426015,INDIA,0.6302838508576332,2.1584277529105313,False,,PASS
MU,2025-08-31,0.4885110111106685,0.49448873669003157,0.11290297746100841,0.9481685873505383,US,4.25728605167939,5.252815499539613,True,,PASS
LITE,2026-06-30,0.8322188449848025,-2.2840079628400796,-2.348931974998134,,US,4.0792301522228955,4.172051142149539,True,,"fails: margin,cash"
VLO,2025-12-31,-0.055389163926979346,0.05476537856496613,0.0006543076616007462,0.867093317457955,US,1.2296882182084077,3.3201937603856293,True,,fails: growth
DELL,2026-01-31,0.1880460828528676,0.10438795821663231,0.004091830892346729,0.9437225784677692,US,2.3302519099731573,3.0955959443266865,True,,PASS
PSX,2025-12-31,-0.07528308872325418,0.07370671420801354,0.03189829943500844,0.508557958388849,US,0.9590860446504696,3.0607859744072687,True,,fails: growth
NUE,2025-12-31,0.05726556907659264,0.12980858004554688,-0.0161535465894502,0.7667140825035562,US,0.9678423074471616,3.01937017135274,True,,"fails: margin,growth"
MPC,2025-12-31,-0.04439595575527133,0.08800367749568573,0.011655595919467271,0.7067134783353314,US,1.0459883757700763,2.961541160366586,True,,fails: growth
TGT,2026-01-31,-0.016759566841206386,0.07965260545905707,-0.0015459006310654805,0.7862449077402348,US,0.9068322229103183,2.9540252492057895,True,,"fails: margin,growth"
STX,2026-06-30,0.3405518302737167,0.34850348503485035,0.11930704664856914,0.8644705882352941,US,2.164049213228139,2.8782655881161445,True,,PASS
STT,,,,,,US,0.7068446232429659,2.8285106285315753,True,insufficient data,NO DATA
TRGP,2025-12-31,0.039483563776210984,0.2850842421145975,0.03308045735740189,0.8069626120094757,US,0.7836037167804608,2.6879609906527904,True,,fails: growth
JNJ,2025-12-31,0.06048119251078021,0.43586041425583644,0.15686107851316294,0.5974911703811959,US,0.5125614179037326,2.685815993251353,True,,fails: growth
BNY,,,,,,US,0.5445332451362332,2.5175201372358664,True,insufficient data,NO DATA
MRK,2025-12-31,0.013137389352948503,0.4347264309116919,0.034121768151437526,0.5828320713325313,US,0.7216993577497857,2.500081758035236,True,,fails: growth
AMD,2025-12-31,0.3433779329067288,0.21002338404688356,0.010488770899704958,1.0596563573883162,US,1.7867813722751116,2.452071775791161,True,,PASS
VTRS,2025-12-31,-0.029811456446371287,-0.027650543010790285,-0.2189757755523628,,US,0.7538038208302227,2.3613480565604825,True,,"fails: margin,growth,cash"
MRNA,2025-12-31,-0.3991872460143795,-1.3231009365244537,-0.2621443876029157,,US,4.4641302708041115,2.3190104317290814,True,,"fails: margin,growth,cash"
ILMN,2025-12-31,-0.006633119853613922,0.3354823854478471,0.5013103817881948,0.7405628002745367,US,1.085370580336083,2.225972190193446,True,,fails: growth
STLD,2025-12-31,0.03627006012979184,0.11632572704404641,-0.02723636022995378,0.6855520515473864,US,0.7709205431666595,2.1138656134723774,True,,"fails: margin,growth"
XOM,2025-12-31,-0.045223686576447264,0.20951822293573732,-0.006580961434352911,0.7657962984793115,US,0.5082375035093887,1.9608731557406898,True,,"fails: margin,growth"
INTC,2025-12-31,-0.004670345191239322,0.2715834484324447,0.24892850784752163,0.6755608192838233,US,1.5055650109245335,1.9576616502983755,True,,fails: growth
ROST,2026-01-31,0.07673449738014448,0.148984910656481,-0.005650667686476207,0.8930201888779727,US,0.5164633842603901,1.9478679813696433,True,,"fails: margin,growth"
HPE,2025-10-31,0.13838085438311154,0.12774084441334266,-0.040148424348897205,0.6662862360191737,US,1.111169959630781,1.9247611420875552,True,,fails: margin
FTNT,2025-12-31,0.14167702071929877,0.36094770280604743,-0.008658395451113632,1.0555351831479445,US,0.8142755662416041,1.9231109895939638,True,,fails: margin
CAH,2026-06-30,0.1422871981956888,0.013679556967999749,-0.00027510162359510766,1.4876365727429557,US,0.5654756099368861,1.918233466766927,True,,fails: margin
