name,CAGR,final,MaxDD,MaxDD_Rs,peak,trough,recovery,worst_year,worst_12m,worst_month,worst_day,longest_uw,vol,calmar,pct_time_dd_gt10,avg_gross,max_weight_seen,worst_trade,trades
equal top10,30.7%,"Rs 1,10,64,649",-36.5%,"-Rs 60,75,546",2018-01-15,2018-10-09,not recovered by 2018-12-31,2018: -22.5%,"-19.4% (2017-12-15 to 2018-12-26, -Rs 26,05,898)",2018-09: -18.7%,-11.4% (2015-08-24),642d (2010-11-11 to 2012-08-14),20.7%,0.84,41.4%,72.9%,21.0%,-47.0%,300
equal top15 (BASE),24.5%,"Rs 71,78,036",-34.4%,"-Rs 36,42,242",2018-01-15,2018-10-09,not recovered by 2018-12-31,2018: -22.9%,"-20.1% (2017-12-15 to 2018-12-26, -Rs 17,66,976)",2018-09: -15.8%,-12.0% (2015-08-24),727d (2010-11-10 to 2012-11-06),18.7%,0.71,45.1%,72.8%,14.6%,-47.0%,446
equal top25,26.7%,"Rs 83,76,085",-31.5%,"-Rs 37,24,947",2018-01-23,2018-12-10,not recovered by 2018-12-31,2018: -18.8%,"-16.7% (2010-11-10 to 2011-11-18, -Rs 2,69,350)",2018-09: -13.2%,-11.5% (2015-08-24),670d (2010-11-10 to 2012-09-10),16.9%,0.85,39.0%,72.9%,9.3%,-47.0%,721
equal top40,23.4%,"Rs 66,22,244",-27.8%,"-Rs 24,65,165",2018-01-15,2018-12-10,not recovered by 2018-12-31,2018: -16.5%,"-17.5% (2010-11-10 to 2011-11-18, -Rs 2,65,342)",2018-09: -12.9%,-10.5% (2015-08-24),686d (2010-11-10 to 2012-09-26),15.6%,0.84,35.7%,72.9%,5.8%,-47.0%,1039
invvol top15,23.9%,"Rs 68,61,822",-34.9%,"-Rs 36,05,279",2018-01-15,2018-10-09,not recovered by 2018-12-31,2018: -25.1%,"-22.7% (2017-12-20 to 2018-12-31, -Rs 20,14,860)",2018-09: -15.5%,-11.7% (2015-08-24),810d (2010-11-10 to 2013-01-28),18.2%,0.68,47.8%,72.9%,20.0%,-47.0%,446
invvol top25,26.1%,"Rs 80,24,845",-30.9%,"-Rs 34,79,542",2018-01-15,2018-12-10,not recovered by 2018-12-31,2018: -19.1%,"-16.0% (2010-11-10 to 2011-11-18, -Rs 2,59,584)",2018-09: -12.3%,-11.0% (2015-08-24),671d (2010-11-10 to 2012-09-11),16.2%,0.84,37.5%,73.0%,12.5%,-47.0%,721
invvol top15 cap8%,23.9%,"Rs 68,68,879",-35.1%,"-Rs 36,31,865",2018-01-15,2018-10-09,not recovered by 2018-12-31,2018: -25.1%,"-22.6% (2017-12-15 to 2018-12-26, -Rs 19,69,544)",2018-09: -15.4%,-11.7% (2015-08-24),810d (2010-11-10 to 2013-01-28),18.3%,0.68,48.1%,72.9%,17.3%,-47.0%,446
equal top10 cap7% (cash remainder),21.3%,"Rs 56,92,575",-27.0%,"-Rs 20,36,141",2018-01-15,2018-10-09,not recovered by 2018-12-31,2018: -15.9%,"-13.5% (2017-12-15 to 2018-12-26, -Rs 8,72,280)",2018-09: -13.2%,-8.0% (2015-08-24),630d (2010-11-11 to 2012-08-02),14.5%,0.79,27.9%,51.3%,15.6%,-47.0%,300
equal top15 cap5% (cash remainder),18.4%,"Rs 45,60,184",-26.9%,"-Rs 16,38,119",2018-01-15,2018-10-09,not recovered by 2018-12-31,2018: -17.4%,"-15.1% (2017-12-15 to 2018-12-26, -Rs 7,98,641)",2018-09: -11.9%,-9.0% (2015-08-24),727d (2010-11-10 to 2012-11-06),14.0%,0.68,30.8%,54.8%,11.4%,-47.0%,446
equal top15 + vol-target 15%,16.5%,"Rs 39,49,513",-24.8%,"-Rs 12,56,099",2018-01-15,2018-10-09,not recovered by 2018-12-31,2018: -15.1%,"-15.4% (2010-11-10 to 2011-11-18, -Rs 2,14,918)",2018-09: -10.8%,-8.3% (2015-08-24),686d (2010-11-10 to 2012-09-26),13.5%,0.67,30.6%,54.0%,10.6%,-47.0%,446
equal top15 + vol-target 20%,20.7%,"Rs 54,12,652",-30.9%,"-Rs 23,27,152",2018-01-15,2018-10-09,not recovered by 2018-12-31,2018: -19.5%,"-17.6% (2010-11-10 to 2011-11-18, -Rs 2,59,825)",2018-09: -14.3%,-11.1% (2015-08-24),686d (2010-11-10 to 2012-09-26),16.6%,0.67,42.9%,64.9%,13.6%,-47.0%,446
equal top25 + vol-target 20%,24.1%,"Rs 69,85,530",-28.9%,"-Rs 27,62,652",2018-01-23,2018-12-10,not recovered by 2018-12-31,2018: -16.1%,"-15.2% (2010-11-10 to 2011-11-18, -Rs 2,21,521)",2018-09: -13.2%,-10.4% (2015-08-24),667d (2010-11-10 to 2012-09-07),15.6%,0.83,36.3%,67.7%,9.3%,-47.0%,721
