name,CAGR,final,MaxDD,MaxDD_Rs,peak,trough,recovery,worst_year,worst_12m,worst_month,worst_day,longest_uw,vol,calmar,pct_time_dd_gt10,trades,n_stops,worst_trade,p5_trade,trades_lt_m30,trades_lt_m50,avg_gross
stop=None regime=True,25.6%,"Rs 77,51,846",-32.9%,"-Rs 36,29,946",2018-01-15,2018-10-09,not recovered by 2018-12-31,2018: -20.2%,"-18.9% (2010-11-10 to 2011-11-18, -Rs 3,26,796)",2018-09: -15.8%,-12.0% (2015-08-24),727d (2010-11-10 to 2012-11-06),18.9%,0.78,47.0%,438,0,-48.7%,-21.0%,5,0,73.4%
stop=None regime=False,32.5%,"Rs 1,25,82,371",-32.8%,"-Rs 60,10,204",2018-01-15,2018-12-26,not recovered by 2018-12-31,2018: -22.0%,"-19.2% (2017-12-15 to 2018-12-26, -Rs 29,30,687)",2016-02: -18.0%,-12.0% (2015-08-24),441d (2015-08-05 to 2016-10-19),21.6%,0.99,31.6%,492,0,-48.7%,-21.8%,6,0,99.1%
stop=0.15 regime=True,20.4%,"Rs 52,89,748",-35.6%,"-Rs 28,50,427",2018-01-15,2018-10-09,not recovered by 2018-12-31,2018: -24.9%,"-22.7% (2017-12-15 to 2018-12-26, -Rs 15,21,582)",2016-11: -15.6%,-10.1% (2015-08-24),1266d (2010-11-10 to 2014-04-29),16.9%,0.57,51.3%,570,265,-41.1%,-17.4%,3,0,67.0%
stop=0.15 regime=False,23.1%,"Rs 64,58,070",-37.3%,"-Rs 37,71,861",2018-01-15,2018-12-10,not recovered by 2018-12-31,2018: -27.4%,"-25.1% (2017-12-15 to 2018-12-26, -Rs 21,27,309)",2016-11: -15.6%,-10.1% (2015-08-24),670d (2010-11-10 to 2012-09-10),19.0%,0.62,45.1%,708,369,-41.1%,-17.9%,4,0,89.6%
stop=0.2 regime=True,22.5%,"Rs 61,85,700",-34.6%,"-Rs 31,69,329",2018-01-15,2018-10-09,not recovered by 2018-12-31,2018: -23.3%,"-21.2% (2010-11-10 to 2011-11-18, -Rs 3,67,490)",2016-11: -16.4%,-12.0% (2015-08-24),985d (2010-11-10 to 2013-07-22),17.8%,0.65,45.0%,498,138,-41.1%,-19.8%,3,0,70.1%
stop=0.2 regime=False,26.6%,"Rs 83,15,229",-36.5%,"-Rs 23,40,783",2015-08-05,2016-02-29,2017-05-04 (638d peak-to-recovery),2018: -25.4%,"-25.0% (2015-02-20 to 2016-02-29, -Rs 13,58,473)",2016-01: -17.7%,-12.0% (2015-08-24),638d (2015-08-05 to 2017-05-04),20.1%,0.73,41.2%,596,201,-41.1%,-20.5%,5,0,94.2%
stop=0.3 regime=True,24.5%,"Rs 71,78,036",-34.4%,"-Rs 36,42,242",2018-01-15,2018-10-09,not recovered by 2018-12-31,2018: -22.9%,"-20.1% (2017-12-15 to 2018-12-26, -Rs 17,66,976)",2018-09: -15.8%,-12.0% (2015-08-24),727d (2010-11-10 to 2012-11-06),18.7%,0.71,45.1%,446,33,-47.0%,-21.4%,9,0,72.8%
stop=0.3 regime=False,30.5%,"Rs 1,09,26,119",-33.9%,"-Rs 54,97,579",2018-01-15,2018-12-26,not recovered by 2018-12-31,2018: -23.4%,"-20.6% (2017-12-15 to 2018-12-26, -Rs 27,76,404)",2016-02: -17.2%,-12.0% (2015-08-24),609d (2015-08-05 to 2017-04-05),21.2%,0.90,34.5%,506,53,-47.0%,-23.6%,11,0,98.1%
stop=0.4 regime=True,25.7%,"Rs 78,11,656",-32.9%,"-Rs 36,57,953",2018-01-15,2018-10-09,not recovered by 2018-12-31,2018: -20.2%,"-18.9% (2010-11-10 to 2011-11-18, -Rs 3,26,026)",2018-09: -15.8%,-12.0% (2015-08-24),727d (2010-11-10 to 2012-11-06),18.9%,0.78,46.5%,438,4,-47.0%,-21.0%,5,0,73.3%
stop=0.4 regime=False,32.3%,"Rs 1,23,35,569",-32.8%,"-Rs 58,92,315",2018-01-15,2018-12-26,not recovered by 2018-12-31,2018: -22.0%,"-19.2% (2017-12-15 to 2018-12-26, -Rs 28,73,202)",2016-02: -18.1%,-12.0% (2015-08-24),446d (2015-08-05 to 2016-10-24),21.5%,0.98,32.3%,492,9,-47.0%,-22.3%,7,0,99.1%
